company_name,job_title,department,location,apply_url,posted_at,funding_round,funding_amount,funding_date,ats,careers_url,source,scraped_at
Parallel,DevOps Engineer,Engineering,Headquarters,https://boards.greenhouse.io/parallel/jobs/5123096007?gh_jid=5123096007,2026-04-28,Series B,"$100,000,000",2026-04-28,greenhouse,,ats_api,2026-07-10T17:10:41+00:00
Parallel,Electrical Engineer – Vehicle Systems,Engineering,Headquarters,https://boards.greenhouse.io/parallel/jobs/5155218007?gh_jid=5155218007,2026-06-03,Series B,"$100,000,000",2026-04-28,greenhouse,,ats_api,2026-07-10T17:10:41+00:00
Parallel,Enterprise Account Executive,Business Development,Headquarters,https://boards.greenhouse.io/parallel/jobs/5042066007?gh_jid=5042066007,2026-06-11,Series B,"$100,000,000",2026-04-28,greenhouse,,ats_api,2026-07-10T17:10:41+00:00
Parallel,Head of Customer Success ,Customer Success,Headquarters,https://boards.greenhouse.io/parallel/jobs/5143706007?gh_jid=5143706007,2026-05-20,Series B,"$100,000,000",2026-04-28,greenhouse,,ats_api,2026-07-10T17:10:41+00:00
Parallel,Mechanical Engineer,Engineering,Headquarters,https://boards.greenhouse.io/parallel/jobs/5102774007?gh_jid=5102774007,2026-04-08,Series B,"$100,000,000",2026-04-28,greenhouse,,ats_api,2026-07-10T17:10:41+00:00
Parallel,Senior Mechanical Engineer,Engineering,Headquarters,https://boards.greenhouse.io/parallel/jobs/5093287007?gh_jid=5093287007,2026-04-08,Series B,"$100,000,000",2026-04-28,greenhouse,,ats_api,2026-07-10T17:10:41+00:00
Parallel,Senior Recruiter,Talent Acquisition,Headquarters,https://boards.greenhouse.io/parallel/jobs/5147002007?gh_jid=5147002007,2026-07-07,Series B,"$100,000,000",2026-04-28,greenhouse,,ats_api,2026-07-10T17:10:41+00:00
Parallel,Senior Software Engineer,Engineering,Headquarters,https://boards.greenhouse.io/parallel/jobs/5137372007?gh_jid=5137372007,2026-05-13,Series B,"$100,000,000",2026-04-28,greenhouse,,ats_api,2026-07-10T17:10:41+00:00
Parallel,Software Engineer II – Test/Internal Tooling ,Engineering,Headquarters,https://boards.greenhouse.io/parallel/jobs/5173338007?gh_jid=5173338007,2026-06-24,Series B,"$100,000,000",2026-04-28,greenhouse,,ats_api,2026-07-10T17:10:41+00:00
Parallel,Technical Recruiter,Talent Acquisition,Headquarters,https://boards.greenhouse.io/parallel/jobs/5181707007?gh_jid=5181707007,2026-07-07,Series B,"$100,000,000",2026-04-28,greenhouse,,ats_api,2026-07-10T17:10:41+00:00
Zocks,Growth Marketing Specialist,Marketing,Budapest,https://jobs.lever.co/zocks/42fcf1bf-933b-4cd3-a861-8564f6ecd943/apply,2026-02-13,Series B,"$45,000,000",2026-01-26,lever,,ats_api,2026-07-10T17:10:41+00:00
Zocks,HR Director - Europe,HR,Budapest,https://jobs.lever.co/zocks/66a2ad2e-92c7-4ea9-9330-352fbd827463/apply,2026-03-31,Series B,"$45,000,000",2026-01-26,lever,,ats_api,2026-07-10T17:10:41+00:00
Zocks,Junior Product Designer,Product Design,Budapest,https://jobs.lever.co/zocks/0d430e6f-7901-4c81-abd8-5f6b9794e39b/apply,2026-03-11,Series B,"$45,000,000",2026-01-26,lever,,ats_api,2026-07-10T17:10:41+00:00
Zocks,Senior Cloud Platform Engineer,Engineering,Budapest,https://jobs.lever.co/zocks/67f24d71-b5a6-455a-8277-000d6da5c727/apply,2026-05-13,Series B,"$45,000,000",2026-01-26,lever,,ats_api,2026-07-10T17:10:41+00:00
Zocks,Senior DevOps Engineer,Engineering,Budapest,https://jobs.lever.co/zocks/59cd3eb5-fa13-4ac9-bb21-ec17f9ecdca7/apply,2025-03-31,Series B,"$45,000,000",2026-01-26,lever,,ats_api,2026-07-10T17:10:41+00:00
Zocks,Senior DevSecOps Engineer,Engineering,Budapest,https://jobs.lever.co/zocks/53f0684f-41f0-44ea-a162-a1a232fe7f4b/apply,2026-04-08,Series B,"$45,000,000",2026-01-26,lever,,ats_api,2026-07-10T17:10:41+00:00
Zocks,Senior Full Stack Engineer,Engineering,Budapest,https://jobs.lever.co/zocks/fcf75010-65e7-49ef-a317-8e479908db02/apply,2025-04-30,Series B,"$45,000,000",2026-01-26,lever,,ats_api,2026-07-10T17:10:41+00:00
Zocks,Senior Mobile Developer (Flutter),Engineering,Budapest,https://jobs.lever.co/zocks/4dea8576-f17f-4e38-bca6-430e8cc9565b/apply,2025-05-22,Series B,"$45,000,000",2026-01-26,lever,,ats_api,2026-07-10T17:10:41+00:00
Zocks,Senior Product Designer,Product Design,Budapest,https://jobs.lever.co/zocks/1bb02eb2-ba25-4d05-a1e2-985ef431a427/apply,2025-03-31,Series B,"$45,000,000",2026-01-26,lever,,ats_api,2026-07-10T17:10:41+00:00
Zocks,Senior Product Manager,Product Management,Budapest,https://jobs.lever.co/zocks/b7b5f189-63ee-4934-aa33-ff7096278030/apply,2025-03-31,Series B,"$45,000,000",2026-01-26,lever,,ats_api,2026-07-10T17:10:41+00:00
Zocks,Senior Python Developer,Engineering,Budapest,https://jobs.lever.co/zocks/ac844c83-5b18-41b7-90dc-e2bf7b59449c/apply,2025-04-30,Series B,"$45,000,000",2026-01-26,lever,,ats_api,2026-07-10T17:10:41+00:00
Zocks,Senior Software Engineer,Engineering,Budapest,https://jobs.lever.co/zocks/8cae24ca-2908-4e77-b556-0dabe11f17a3/apply,2025-03-31,Series B,"$45,000,000",2026-01-26,lever,,ats_api,2026-07-10T17:10:41+00:00
Zocks,Software Engineering Manager,Engineering,Budapest,https://jobs.lever.co/zocks/09bed344-38ed-4bd1-8e6b-5d92fa70eee3/apply,2025-03-31,Series B,"$45,000,000",2026-01-26,lever,,ats_api,2026-07-10T17:10:41+00:00
Zocks,Solutions Engineer,Strategy,Denver,https://jobs.lever.co/zocks/57d975f5-23bc-448d-a388-e29842dcb4f8/apply,2026-04-07,Series B,"$45,000,000",2026-01-26,lever,,ats_api,2026-07-10T17:10:41+00:00
Zocks,Staff Product Designer,Product Design,Budapest,https://jobs.lever.co/zocks/3fcc8fdc-9a83-4c9b-8baf-7a8cadb95264/apply,2025-11-25,Series B,"$45,000,000",2026-01-26,lever,,ats_api,2026-07-10T17:10:41+00:00
Zocks,Support Specialist,Operations,Denver,https://jobs.lever.co/zocks/bf89aafe-a0a1-40c8-a554-9c1484164fb0/apply,2026-06-26,Series B,"$45,000,000",2026-01-26,lever,,ats_api,2026-07-10T17:10:41+00:00
Venus Aerospace,Accounting Manager,Finance & Accounting,Remote,https://jobs.lever.co/venusaero/f567c4e4-719d-4196-a775-f190ba81443e/apply,2026-01-15,Series B,"$63,045,751",2026-05-04,lever,https://www.venusaero.com/careers,ats_api,2026-07-10T17:10:41+00:00
Venus Aerospace,CNC Programmer,Supply Chain & Logistics,"Houston, TX",https://jobs.lever.co/venusaero/acffc707-7ff6-40cb-8c73-804e80eddd60/apply,2026-02-26,Series B,"$63,045,751",2026-05-04,lever,https://www.venusaero.com/careers,ats_api,2026-07-10T17:10:41+00:00
Venus Aerospace,Contracts Specialist,Legal,"Houston, TX",https://jobs.lever.co/venusaero/51de9fdc-fc79-447a-8fdc-a1092cfc9873/apply,2026-05-27,Series B,"$63,045,751",2026-05-04,lever,https://www.venusaero.com/careers,ats_api,2026-07-10T17:10:41+00:00
Venus Aerospace,Information System Security Engineer,Enterprise and Info Technology,"Houston, TX",https://jobs.lever.co/venusaero/9ac989b3-d237-4b2c-a1e4-6c9e99c34c13/apply,2026-02-23,Series B,"$63,045,751",2026-05-04,lever,https://www.venusaero.com/careers,ats_api,2026-07-10T17:10:41+00:00
Venus Aerospace,Instrumentation Engineer,Test,"Houston, TX",https://jobs.lever.co/venusaero/abba3836-1d5f-486c-8a1f-13c5633a88ce/apply,2026-02-06,Series B,"$63,045,751",2026-05-04,lever,https://www.venusaero.com/careers,ats_api,2026-07-10T17:10:41+00:00
Venus Aerospace,Instrumentation Technician,Test,"Houston, TX",https://jobs.lever.co/venusaero/8a226662-3c08-4fb5-863c-8f1acc974e8e/apply,2026-06-18,Series B,"$63,045,751",2026-05-04,lever,https://www.venusaero.com/careers,ats_api,2026-07-10T17:10:41+00:00
Venus Aerospace,Linux Systems Engineer,Enterprise and Info Technology,"Houston, TX",https://jobs.lever.co/venusaero/909b7737-5a09-4b0f-83c6-b297748d18bf/apply,2026-04-30,Series B,"$63,045,751",2026-05-04,lever,https://www.venusaero.com/careers,ats_api,2026-07-10T17:10:41+00:00
Venus Aerospace,Manufacturing Engineer,Manufacturing,"Houston, TX",https://jobs.lever.co/venusaero/f0ea0e2f-69a0-419c-a2a7-18b905fdb49e/apply,2026-04-30,Series B,"$63,045,751",2026-05-04,lever,https://www.venusaero.com/careers,ats_api,2026-07-10T17:10:41+00:00
Venus Aerospace,Senior Avionics Engineer,Avionics,"Houston, TX",https://jobs.lever.co/venusaero/fdec3ed5-7f27-4c74-87db-17e979ded4d0/apply,2026-02-06,Series B,"$63,045,751",2026-05-04,lever,https://www.venusaero.com/careers,ats_api,2026-07-10T17:10:41+00:00
Venus Aerospace,Sr. Propulsion Engineer,Propulsion Engineering,"Houston, TX",https://jobs.lever.co/venusaero/ac07fd56-ab7d-4f13-9814-bc5567098537/apply,2026-05-26,Series B,"$63,045,751",2026-05-04,lever,https://www.venusaero.com/careers,ats_api,2026-07-10T17:10:41+00:00
Venus Aerospace,Sr. Structures Engineer,Technical Design,"Houston, TX",https://jobs.lever.co/venusaero/17f27a94-386f-4018-8d16-a82c1b843c04/apply,2026-04-30,Series B,"$63,045,751",2026-05-04,lever,https://www.venusaero.com/careers,ats_api,2026-07-10T17:10:41+00:00
Venus Aerospace,Test Engineer,Test,"Houston, TX",https://jobs.lever.co/venusaero/4c2be783-2a14-47e7-9b2d-d3505ce92cc0/apply,2026-02-26,Series B,"$63,045,751",2026-05-04,lever,https://www.venusaero.com/careers,ats_api,2026-07-10T17:10:41+00:00
Venus Aerospace,Test Technician,Test,"Houston, TX",https://jobs.lever.co/venusaero/0f85ba13-3d77-49c8-b1d4-94a01b630d67/apply,2025-09-03,Series B,"$63,045,751",2026-05-04,lever,https://www.venusaero.com/careers,ats_api,2026-07-10T17:10:41+00:00
Phoenix Tailings,1.1. Chief Financial Officer,Phoenix Tailings,"Burlington, MA",https://jobs.lever.co/PhoenixTailings/18772291-af87-4bae-bb58-1c0269ea62df/apply,2026-04-30,Series B,"$30,200,000",2026-02-19,lever,https://phoenixtailings.com/careers,ats_api,2026-07-10T17:10:41+00:00
Phoenix Tailings,1.3. Director of FP&A,Phoenix Tailings,"Burlington, MA",https://jobs.lever.co/PhoenixTailings/aff8540d-566f-41c4-b427-dbaaa10df13d/apply,2026-04-30,Series B,"$30,200,000",2026-02-19,lever,https://phoenixtailings.com/careers,ats_api,2026-07-10T17:10:41+00:00
Phoenix Tailings,1.4. Controller,Phoenix Tailings,"Burlington, MA",https://jobs.lever.co/PhoenixTailings/e5129aae-40d1-4c42-a8e1-aa4545dcd756/apply,2026-04-30,Series B,"$30,200,000",2026-02-19,lever,https://phoenixtailings.com/careers,ats_api,2026-07-10T17:10:41+00:00
Phoenix Tailings,1.6. Senior Accountant,Phoenix Tailings,"Burlington, MA",https://jobs.lever.co/PhoenixTailings/059f70ff-98b6-4936-81fc-aed8699beb92/apply,2026-04-30,Series B,"$30,200,000",2026-02-19,lever,https://phoenixtailings.com/careers,ats_api,2026-07-10T17:10:41+00:00
Phoenix Tailings,1.7. Financial Analyst,Phoenix Tailings,"Burlington, MA",https://jobs.lever.co/PhoenixTailings/68764014-9937-427e-9410-07bc8f3a5c71/apply,2026-04-30,Series B,"$30,200,000",2026-02-19,lever,https://phoenixtailings.com/careers,ats_api,2026-07-10T17:10:41+00:00
Phoenix Tailings,1.8. Legal Counsel-Commercial Contracts,Phoenix Tailings,"Burlington, MA",https://jobs.lever.co/PhoenixTailings/80a2f302-0c33-4407-b851-0c79082b7e12/apply,2026-04-30,Series B,"$30,200,000",2026-02-19,lever,https://phoenixtailings.com/careers,ats_api,2026-07-10T17:10:41+00:00
Phoenix Tailings,1.9. Legal Counsel-Capital Markets,Phoenix Tailings,"Burlington, MA",https://jobs.lever.co/PhoenixTailings/9ce5399c-be6b-4e6e-9e56-6a6ce6925f5c/apply,2026-07-07,Series B,"$30,200,000",2026-02-19,lever,https://phoenixtailings.com/careers,ats_api,2026-07-10T17:10:41+00:00
Phoenix Tailings,2.1 Senior Process Engineer – Extraction,Phoenix Tailings,"Burlington, MA",https://jobs.lever.co/PhoenixTailings/f74e0331-dee4-4255-92fb-9257c1b1126b/apply,2026-04-30,Series B,"$30,200,000",2026-02-19,lever,https://phoenixtailings.com/careers,ats_api,2026-07-10T17:10:41+00:00
Phoenix Tailings,2.2 Senior Chemical Engineer- Radiochemistry,Phoenix Tailings,"Burlington, MA",https://jobs.lever.co/PhoenixTailings/b76a2868-0714-4fbe-8984-80445348fa91/apply,2026-04-30,Series B,"$30,200,000",2026-02-19,lever,https://phoenixtailings.com/careers,ats_api,2026-07-10T17:10:41+00:00
Phoenix Tailings,2.3. Mineralogist – Rare Earth Elements,Phoenix Tailings,"Burlington, MA",https://jobs.lever.co/PhoenixTailings/1c2fc88a-db9c-47e2-bc6e-582ee22b159c/apply,2026-04-30,Series B,"$30,200,000",2026-02-19,lever,https://phoenixtailings.com/careers,ats_api,2026-07-10T17:10:41+00:00
Phoenix Tailings,2.4. Chemical Development Engineer II,Phoenix Tailings,"Burlington, MA",https://jobs.lever.co/PhoenixTailings/7435779d-7052-40b6-93a0-fa6a701e31ad/apply,2026-04-30,Series B,"$30,200,000",2026-02-19,lever,https://phoenixtailings.com/careers,ats_api,2026-07-10T17:10:41+00:00
Phoenix Tailings,2.5. Chemical Engineer I – Hydrometallurgy,Phoenix Tailings,"Burlington, MA",https://jobs.lever.co/PhoenixTailings/acecacb8-15ed-4247-90a8-29785d11e28d/apply,2026-04-30,Series B,"$30,200,000",2026-02-19,lever,https://phoenixtailings.com/careers,ats_api,2026-07-10T17:10:41+00:00
Phoenix Tailings,2.6. Chemical Development Engineer I,Phoenix Tailings,"Burlington, MA",https://jobs.lever.co/PhoenixTailings/4efc17fb-9b0d-4aea-aa44-a1161f8c4bb5/apply,2026-04-30,Series B,"$30,200,000",2026-02-19,lever,https://phoenixtailings.com/careers,ats_api,2026-07-10T17:10:41+00:00
Phoenix Tailings,3.1. Principal Chemical Process Engineer-Separation,Phoenix Tailings,"Burlington, MA",https://jobs.lever.co/PhoenixTailings/70ea23b2-3766-4787-b73b-bd57c33d8083/apply,2026-04-30,Series B,"$30,200,000",2026-02-19,lever,https://phoenixtailings.com/careers,ats_api,2026-07-10T17:10:41+00:00
Phoenix Tailings,3.2. Lead Separation Engineer,Phoenix Tailings,"Burlington, MA",https://jobs.lever.co/PhoenixTailings/dd090079-daea-4714-96f6-40521f9e255b/apply,2026-04-30,Series B,"$30,200,000",2026-02-19,lever,https://phoenixtailings.com/careers,ats_api,2026-07-10T17:10:41+00:00
Phoenix Tailings,3.3. Senior Chemical Process Engineer-Separation,Phoenix Tailings,"Burlington, MA",https://jobs.lever.co/PhoenixTailings/2f5f33fe-6579-4b90-b368-07fae8ce8c52/apply,2026-04-30,Series B,"$30,200,000",2026-02-19,lever,https://phoenixtailings.com/careers,ats_api,2026-07-10T17:10:41+00:00
Phoenix Tailings,3.4. Chemical Process Engineer II -Separation,Phoenix Tailings,"Burlington, MA",https://jobs.lever.co/PhoenixTailings/11b9cfe8-3679-40fe-a31b-61c1b13004d0/apply,2026-04-30,Series B,"$30,200,000",2026-02-19,lever,https://phoenixtailings.com/careers,ats_api,2026-07-10T17:10:41+00:00
Phoenix Tailings,3.5.Chemical Process Engineer I -Separation,Phoenix Tailings,"Burlington, MA",https://jobs.lever.co/PhoenixTailings/d2e3c882-94ab-45ec-be0f-d627e707aea0/apply,2026-04-30,Series B,"$30,200,000",2026-02-19,lever,https://phoenixtailings.com/careers,ats_api,2026-07-10T17:10:41+00:00
Phoenix Tailings,3.6. Chemical Process Technician,Phoenix Tailings,"Burlington, MA",https://jobs.lever.co/PhoenixTailings/d8717d2c-7185-4c04-8e8a-cb82815eb78c/apply,2026-04-30,Series B,"$30,200,000",2026-02-19,lever,https://phoenixtailings.com/careers,ats_api,2026-07-10T17:10:41+00:00
Phoenix Tailings,4.1. Vice President of Manufacturing Engineering,Phoenix Tailings,"Burlington, MA",https://jobs.lever.co/PhoenixTailings/d71720d2-e715-4c9c-89b1-216ad8aae2fb/apply,2026-04-30,Series B,"$30,200,000",2026-02-19,lever,https://phoenixtailings.com/careers,ats_api,2026-07-10T17:10:41+00:00
Phoenix Tailings,4.2. Vice President of Manufacturing Operations,Phoenix Tailings,"Burlington, MA",https://jobs.lever.co/PhoenixTailings/bb771719-d09c-49ef-9e4b-8d0856418bca/apply,2026-04-30,Series B,"$30,200,000",2026-02-19,lever,https://phoenixtailings.com/careers,ats_api,2026-07-10T17:10:41+00:00
Phoenix Tailings,"4.3. Director of Environmental, Health & Safety (EH&S)",Phoenix Tailings,"Exeter, NH",https://jobs.lever.co/PhoenixTailings/1d9e08b0-4a09-459a-988f-27aa330eed99/apply,2026-04-30,Series B,"$30,200,000",2026-02-19,lever,https://phoenixtailings.com/careers,ats_api,2026-07-10T17:10:41+00:00
Phoenix Tailings,4.4. Production Engineer I- Night Shift,Phoenix Tailings,"Exeter, NH",https://jobs.lever.co/PhoenixTailings/8f8321cd-8090-4072-90b9-d90a5a75bc98/apply,2026-06-04,Series B,"$30,200,000",2026-02-19,lever,https://phoenixtailings.com/careers,ats_api,2026-07-10T17:10:41+00:00
Phoenix Tailings,4.5. Senior Mechanical Technician,Phoenix Tailings,"Exeter, NH",https://jobs.lever.co/PhoenixTailings/2f0929b1-0ec6-4f13-a364-1ca90a2a79f9/apply,2026-04-30,Series B,"$30,200,000",2026-02-19,lever,https://phoenixtailings.com/careers,ats_api,2026-07-10T17:10:41+00:00
Phoenix Tailings,4.6. Engineering Technician,Phoenix Tailings,"Exeter, NH",https://jobs.lever.co/PhoenixTailings/41648989-6513-4c10-a6f1-f0f0b5953289/apply,2026-05-18,Series B,"$30,200,000",2026-02-19,lever,https://phoenixtailings.com/careers,ats_api,2026-07-10T17:10:41+00:00
Phoenix Tailings,4.7. Production Operator-Day Shift,Phoenix Tailings,"Exeter, NH",https://jobs.lever.co/PhoenixTailings/a693d46b-2f38-4352-8e79-482953240d2d/apply,2026-05-20,Series B,"$30,200,000",2026-02-19,lever,https://phoenixtailings.com/careers,ats_api,2026-07-10T17:10:41+00:00
Phoenix Tailings,4.8.  Shift Supervisor (Night Shift),Phoenix Tailings,"Exeter, NH",https://jobs.lever.co/PhoenixTailings/8687a0b7-6745-4d36-aafe-838d0f1dbc05/apply,2026-06-08,Series B,"$30,200,000",2026-02-19,lever,https://phoenixtailings.com/careers,ats_api,2026-07-10T17:10:41+00:00
Phoenix Tailings,4.9. Production Operator - Night Shift,Phoenix Tailings,"Exeter, NH",https://jobs.lever.co/PhoenixTailings/6117996a-615a-4470-8476-a8aeda7ac1ce/apply,2026-06-04,Series B,"$30,200,000",2026-02-19,lever,https://phoenixtailings.com/careers,ats_api,2026-07-10T17:10:41+00:00
Phoenix Tailings,5.1. Director of Sales,Phoenix Tailings,"Burlington, MA",https://jobs.lever.co/PhoenixTailings/9c7ca7cd-a9c9-4cb5-89f4-af54d93bee34/apply,2026-04-30,Series B,"$30,200,000",2026-02-19,lever,https://phoenixtailings.com/careers,ats_api,2026-07-10T17:10:41+00:00
Phoenix Tailings,5.2. Business Development Manager,Phoenix Tailings,"Boston, MA",https://jobs.lever.co/PhoenixTailings/d83c9b31-d231-41e0-8610-e94aeb283989/apply,2026-02-03,Series B,"$30,200,000",2026-02-19,lever,https://phoenixtailings.com/careers,ats_api,2026-07-10T17:10:41+00:00
Phoenix Tailings,5.3. Grant Program Manager,Phoenix Tailings,"Burlington, MA",https://jobs.lever.co/PhoenixTailings/392ee5c0-f0c8-477c-9c56-3234dbec4bb5/apply,2026-06-17,Series B,"$30,200,000",2026-02-19,lever,https://phoenixtailings.com/careers,ats_api,2026-07-10T17:10:41+00:00
Phoenix Tailings,5.4. Sales Associate,Phoenix Tailings,"Burlington, MA",https://jobs.lever.co/PhoenixTailings/b1f38cfa-fb6e-42ea-a228-f8f9845ab23f/apply,2026-04-30,Series B,"$30,200,000",2026-02-19,lever,https://phoenixtailings.com/careers,ats_api,2026-07-10T17:10:41+00:00
Phoenix Tailings,6.1. Vice President of Partnerships,Phoenix Tailings,"Burlington, MA",https://jobs.lever.co/PhoenixTailings/6cb910a6-0e7b-4e67-9a36-f3c5fd1719b3/apply,2026-04-30,Series B,"$30,200,000",2026-02-19,lever,https://phoenixtailings.com/careers,ats_api,2026-07-10T17:10:41+00:00
Phoenix Tailings,6.2. Corporate Development Associate,Phoenix Tailings,"Burlington, MA",https://jobs.lever.co/PhoenixTailings/ad2cad30-f885-43ef-9735-035d60faf821/apply,2026-04-30,Series B,"$30,200,000",2026-02-19,lever,https://phoenixtailings.com/careers,ats_api,2026-07-10T17:10:41+00:00
Phoenix Tailings,7.1. Senior Electrical  Engineer,Phoenix Tailings,"Burlington, MA",https://jobs.lever.co/PhoenixTailings/48558fd1-5cfb-455f-908c-804ad4370f09/apply,2026-04-30,Series B,"$30,200,000",2026-02-19,lever,https://phoenixtailings.com/careers,ats_api,2026-07-10T17:10:41+00:00
Phoenix Tailings,7.2. Controls Engineer II,Phoenix Tailings,"Burlington, MA",https://jobs.lever.co/PhoenixTailings/cf064260-f264-4b1c-ba22-f91a76cb4f7a/apply,2026-06-09,Series B,"$30,200,000",2026-02-19,lever,https://phoenixtailings.com/careers,ats_api,2026-07-10T17:10:41+00:00
Phoenix Tailings,7.3. Mechanical Engineer II,Phoenix Tailings,"Burlington, MA",https://jobs.lever.co/PhoenixTailings/b7c0be26-cea6-43b4-91e1-409e0e33e17f/apply,2026-06-23,Series B,"$30,200,000",2026-02-19,lever,https://phoenixtailings.com/careers,ats_api,2026-07-10T17:10:41+00:00
Phoenix Tailings,7.4. Project Engineer II – Recycling,Phoenix Tailings,"Exeter, NH",https://jobs.lever.co/PhoenixTailings/abe6f0a5-51d3-4aee-9008-0af2c113be59/apply,2026-04-30,Series B,"$30,200,000",2026-02-19,lever,https://phoenixtailings.com/careers,ats_api,2026-07-10T17:10:41+00:00
Phoenix Tailings,7.5.  Electrical Design Engineer I,Phoenix Tailings,"Burlington, MA",https://jobs.lever.co/PhoenixTailings/10282bd1-6e17-4e9d-b9f0-620aaef6ae08/apply,2026-04-30,Series B,"$30,200,000",2026-02-19,lever,https://phoenixtailings.com/careers,ats_api,2026-07-10T17:10:41+00:00
Phoenix Tailings,8.1. R&D & Pilot Production Manager,Phoenix Tailings,"Burlington, MA",https://jobs.lever.co/PhoenixTailings/b6844fb2-5adf-43de-9697-8ac2cce9cf68/apply,2026-04-30,Series B,"$30,200,000",2026-02-19,lever,https://phoenixtailings.com/careers,ats_api,2026-07-10T17:10:41+00:00
Phoenix Tailings,8.2. Principal Production Engineer -Burlington,Phoenix Tailings,"Burlington, MA",https://jobs.lever.co/PhoenixTailings/197e0e92-3ae5-492f-8ca2-e0122bef80dd/apply,2026-04-30,Series B,"$30,200,000",2026-02-19,lever,https://phoenixtailings.com/careers,ats_api,2026-07-10T17:10:41+00:00
Phoenix Tailings,8.3. Senior Production Engineer -Burlington,Phoenix Tailings,"Burlington, MA",https://jobs.lever.co/PhoenixTailings/f320381c-ea55-40f9-8259-2322fe54a427/apply,2026-04-30,Series B,"$30,200,000",2026-02-19,lever,https://phoenixtailings.com/careers,ats_api,2026-07-10T17:10:41+00:00
Phoenix Tailings,8.4. Production Engineer II - Burlington,Phoenix Tailings,"Burlington, MA",https://jobs.lever.co/PhoenixTailings/1ee7a053-7fe8-418a-af5a-d2a9f8781a5a/apply,2026-04-30,Series B,"$30,200,000",2026-02-19,lever,https://phoenixtailings.com/careers,ats_api,2026-07-10T17:10:41+00:00
Phoenix Tailings,8.5. Production Engineer I - Burlington,Phoenix Tailings,"Burlington, MA",https://jobs.lever.co/PhoenixTailings/68340ccf-49f9-416e-bc6f-99290c38feaf/apply,2026-04-30,Series B,"$30,200,000",2026-02-19,lever,https://phoenixtailings.com/careers,ats_api,2026-07-10T17:10:41+00:00
Phoenix Tailings,8.6. Engineering Technician,Phoenix Tailings,"Burlington, MA",https://jobs.lever.co/PhoenixTailings/9f86a34d-cad0-4c34-ad03-37abca44d0fa/apply,2026-04-30,Series B,"$30,200,000",2026-02-19,lever,https://phoenixtailings.com/careers,ats_api,2026-07-10T17:10:41+00:00
Phoenix Tailings,9.1. Principal R&D Scientist,Phoenix Tailings,"Woburn, MA",https://jobs.lever.co/PhoenixTailings/0d867872-b6ba-40c9-8e89-ee65a527ec33/apply,2026-05-07,Series B,"$30,200,000",2026-02-19,lever,https://phoenixtailings.com/careers,ats_api,2026-07-10T17:10:41+00:00
Phoenix Tailings,9.2. Senior R&D Chemist,Phoenix Tailings,"Woburn, MA",https://jobs.lever.co/PhoenixTailings/ee642672-f481-4142-ab74-6c70796fc00e/apply,2026-05-07,Series B,"$30,200,000",2026-02-19,lever,https://phoenixtailings.com/careers,ats_api,2026-07-10T17:10:41+00:00
Phoenix Tailings,9.3. Senior R&D Scientist -Electrochemist,Phoenix Tailings,"Woburn, MA",https://jobs.lever.co/PhoenixTailings/cbbff22d-2e8a-4650-81f1-5427639cb0a4/apply,2026-05-07,Series B,"$30,200,000",2026-02-19,lever,https://phoenixtailings.com/careers,ats_api,2026-07-10T17:10:41+00:00
Phoenix Tailings,9.4. Senior R&D Scientist -Pyrometallurgy,Phoenix Tailings,"Woburn, MA",https://jobs.lever.co/PhoenixTailings/22073a09-6fb8-461e-aba9-b164e7f55fb4/apply,2026-05-07,Series B,"$30,200,000",2026-02-19,lever,https://phoenixtailings.com/careers,ats_api,2026-07-10T17:10:41+00:00
Phoenix Tailings,9.5.  R&D Engineer,Phoenix Tailings,"Woburn, MA",https://jobs.lever.co/PhoenixTailings/930b7160-b198-4a76-8a5d-6a57f3238785/apply,2026-05-07,Series B,"$30,200,000",2026-02-19,lever,https://phoenixtailings.com/careers,ats_api,2026-07-10T17:10:41+00:00
Phoenix Tailings,9.6.  R&D Analytical Chemist,Phoenix Tailings,"Woburn, MA",https://jobs.lever.co/PhoenixTailings/379fc612-b762-4ff4-a33d-01264ba88001/apply,2026-07-01,Series B,"$30,200,000",2026-02-19,lever,https://phoenixtailings.com/careers,ats_api,2026-07-10T17:10:41+00:00
Phoenix Tailings,9.7. Scientific Chief of Staff,Phoenix Tailings,"Burlington, MA",https://jobs.lever.co/PhoenixTailings/0fd89998-9858-4c6e-ac94-59bbd4a6b928/apply,2026-07-03,Series B,"$30,200,000",2026-02-19,lever,https://phoenixtailings.com/careers,ats_api,2026-07-10T17:10:41+00:00
depthfirst,"Research Engineer Applied Research, San Francisco, On Site, Full Time",,,https://depthfirst.com/careers/research-engineer-c73ec5e2,,Series B,"$80,000,000",2026-03-31,unknown,https://depthfirst.com/careers,career_scrape,2026-07-10T17:10:41+00:00
depthfirst,"Security Researcher Applied Research, San Francisco, On Site, Full Time",,,https://depthfirst.com/careers/security-researcher-6f858f7f,,Series B,"$80,000,000",2026-03-31,unknown,https://depthfirst.com/careers,career_scrape,2026-07-10T17:10:41+00:00
depthfirst,"Backend Engineer Engineering, San Francisco, On Site, Full Time",,,https://depthfirst.com/careers/backend-engineer-a2416174,,Series B,"$80,000,000",2026-03-31,unknown,https://depthfirst.com/careers,career_scrape,2026-07-10T17:10:41+00:00
depthfirst,"Forward-Deployed Security Engineer Engineering, San Francisco, On Site, Full Time",,,https://depthfirst.com/careers/forward-deployed-security-engineer-c53f54bd,,Series B,"$80,000,000",2026-03-31,unknown,https://depthfirst.com/careers,career_scrape,2026-07-10T17:10:41+00:00
depthfirst,"Product Engineer Engineering, San Francisco, On Site, Full Time",,,https://depthfirst.com/careers/product-engineer-1ae8ff71,,Series B,"$80,000,000",2026-03-31,unknown,https://depthfirst.com/careers,career_scrape,2026-07-10T17:10:41+00:00
depthfirst,"Security Product Engineer Engineering, San Francisco, On Site, Full Time",,,https://depthfirst.com/careers/security-product-engineer-f0b11e7a,,Series B,"$80,000,000",2026-03-31,unknown,https://depthfirst.com/careers,career_scrape,2026-07-10T17:10:41+00:00
depthfirst,"Business Operations Lead General & Administrative, San Francisco, On Site, Full Time",,,https://depthfirst.com/careers/business-operations-lead-ffabeb50,,Series B,"$80,000,000",2026-03-31,unknown,https://depthfirst.com/careers,career_scrape,2026-07-10T17:10:41+00:00
depthfirst,"Account Executive Sales, San Francisco, On Site, Full Time",,,https://depthfirst.com/careers/account-executive-c4bea013,,Series B,"$80,000,000",2026-03-31,unknown,https://depthfirst.com/careers,career_scrape,2026-07-10T17:10:41+00:00
depthfirst,"Sales Development Representative Sales, San Francisco, On Site, Full Time",,,https://depthfirst.com/careers/sales-development-representative-b6105793,,Series B,"$80,000,000",2026-03-31,unknown,https://depthfirst.com/careers,career_scrape,2026-07-10T17:10:41+00:00
depthfirst,"Solutions Engineer Sales, San Francisco, On Site, Full Time",,,https://depthfirst.com/careers/solutions-engineer-b3664dd2,,Series B,"$80,000,000",2026-03-31,unknown,https://depthfirst.com/careers,career_scrape,2026-07-10T17:10:41+00:00
FINNY,Careers,,,https://finnyai.notion.site/join-our-team,,Series A,"$17,000,000",2025-12-18,unknown,https://finny.com/careers,career_scrape,2026-07-10T17:10:41+00:00
DG Matrix,CAREERS,,,https://www.dgmatrix.com/careers,,Series A,"$60,000,000",2026-02-18,unknown,https://www.dgmatrix.com/careers,career_scrape,2026-07-10T17:10:41+00:00
DG Matrix,CONTACT US ABOUT AVAILABLE ROLES,,,https://www.dgmatrix.com/contact,,Series A,"$60,000,000",2026-02-18,unknown,https://www.dgmatrix.com/careers,career_scrape,2026-07-10T17:10:41+00:00
Allocate,Fund Operations Associate (New York),,,https://jobs.ashbyhq.com/allocate/ea7672bc-1037-45ee-b9e2-06a0a7ac93f3,,Series B,"$30,500,000",2025-09-03,unknown,https://www.allocate.co/careers,career_scrape,2026-07-10T17:10:41+00:00
Allocate,"Sr. Director, Limited Partner Relations & Servicing (Palo Alto)",,,https://jobs.ashbyhq.com/allocate/7d63e99a-5867-44b2-a0ab-753e3e4e8ba4,,Series B,"$30,500,000",2025-09-03,unknown,https://www.allocate.co/careers,career_scrape,2026-07-10T17:10:41+00:00
Allocate,Fund Formation Attorney (New York),,,https://jobs.ashbyhq.com/allocate/0e915511-1e86-4ca5-bc99-841cfc4ebe2d,,Series B,"$30,500,000",2025-09-03,unknown,https://www.allocate.co/careers,career_scrape,2026-07-10T17:10:41+00:00
Allocate,Information Technology (IT) Specialist (Palo Alto),,,https://jobs.ashbyhq.com/allocate/181ec502-9605-424f-8e93-56bfe8255b3a,,Series B,"$30,500,000",2025-09-03,unknown,https://www.allocate.co/careers,career_scrape,2026-07-10T17:10:41+00:00
Allocate,Senior Data Operations Analyst (New York),,,https://jobs.ashbyhq.com/allocate/228c1cf7-d257-4db6-bafd-3eca09fe19f7,,Series B,"$30,500,000",2025-09-03,unknown,https://www.allocate.co/careers,career_scrape,2026-07-10T17:10:41+00:00
Allocate,Machine Learning Engineer (Palo Alto),,,https://jobs.ashbyhq.com/allocate/5f38e98e-f3fb-41ff-90c7-eff621c8d7fc,,Series B,"$30,500,000",2025-09-03,unknown,https://www.allocate.co/careers,career_scrape,2026-07-10T17:10:41+00:00
Allocate,"Platform Engineer, Data Operations (Palo Alto)",,,https://jobs.ashbyhq.com/allocate/8b7da4d2-2ed7-4599-b217-9819cc6aae09,,Series B,"$30,500,000",2025-09-03,unknown,https://www.allocate.co/careers,career_scrape,2026-07-10T17:10:41+00:00
Allocate,Senior Data Quality & Observability Engineer (Snowflake) (Palo Alto),,,https://jobs.ashbyhq.com/allocate/b87fcc28-d16b-47d3-ade7-099050991c7a,,Series B,"$30,500,000",2025-09-03,unknown,https://www.allocate.co/careers,career_scrape,2026-07-10T17:10:41+00:00
Allocate,Director of People Operations (Palo Alto),,,https://jobs.ashbyhq.com/allocate/85ae8bbc-ac3d-4e44-a4aa-6dedc79bf7ac,,Series B,"$30,500,000",2025-09-03,unknown,https://www.allocate.co/careers,career_scrape,2026-07-10T17:10:41+00:00
Allocate,"Lead Product Manager, AI Operations Platform (Palo Alto)",,,https://jobs.ashbyhq.com/allocate/ab86323a-5505-4451-8466-5581d277ede1,,Series B,"$30,500,000",2025-09-03,unknown,https://www.allocate.co/careers,career_scrape,2026-07-10T17:10:41+00:00
Allocate,"Senior Director/ Director, RIA Relationship Management (West Coast) (Palo Alto)",,,https://jobs.ashbyhq.com/allocate/374643d3-6635-432a-b34a-4b7d78878c08,,Series B,"$30,500,000",2025-09-03,unknown,https://www.allocate.co/careers,career_scrape,2026-07-10T17:10:41+00:00
Allocate,"Associate, RIA Relationship Management (East Coast) (New York)",,,https://jobs.ashbyhq.com/allocate/40f58352-98f1-40b8-b2de-3db362cea14f,,Series B,"$30,500,000",2025-09-03,unknown,https://www.allocate.co/careers,career_scrape,2026-07-10T17:10:41+00:00
Allocate,"Associate, RIA Relationship Management (Midwest) (Remote)",,,https://jobs.ashbyhq.com/allocate/86bded47-8bc6-4d59-901d-1b14764829f1,,Series B,"$30,500,000",2025-09-03,unknown,https://www.allocate.co/careers,career_scrape,2026-07-10T17:10:41+00:00
Allocate,"Senior Director/ Director, RIA Relationship Management (East Coast) (New York)",,,https://jobs.ashbyhq.com/allocate/9ddbf28a-9f6c-469b-8af0-bc45e718718a,,Series B,"$30,500,000",2025-09-03,unknown,https://www.allocate.co/careers,career_scrape,2026-07-10T17:10:41+00:00
Allocate,"Associate, RIA Relationship Management (West Coast) (Palo Alto)",,,https://jobs.ashbyhq.com/allocate/c03567aa-56bc-4c46-82da-505fa53c154a,,Series B,"$30,500,000",2025-09-03,unknown,https://www.allocate.co/careers,career_scrape,2026-07-10T17:10:41+00:00
Allocate,"Managing Director/Director, Relationship Management, Wealth Advisory (Palo Alto)",,,https://jobs.ashbyhq.com/allocate/c21e6033-02c8-4bba-8607-97e0934e71d1,,Series B,"$30,500,000",2025-09-03,unknown,https://www.allocate.co/careers,career_scrape,2026-07-10T17:10:41+00:00
Allocate,"Senior Director/ Director, RIA Relationship Management (Midwest) (Remote)",,,https://jobs.ashbyhq.com/allocate/dbe6f4a8-1d01-45a4-90b4-f20c189da853,,Series B,"$30,500,000",2025-09-03,unknown,https://www.allocate.co/careers,career_scrape,2026-07-10T17:10:41+00:00
Allocate,Sr. Software Engineer II - Backend (Remote) (Palo Alto),,,https://jobs.ashbyhq.com/allocate/37844c02-ef2a-41b5-9c28-b9713486262c,,Series B,"$30,500,000",2025-09-03,unknown,https://www.allocate.co/careers,career_scrape,2026-07-10T17:10:41+00:00
Allocate,Sr. Data Engineer (Palo Alto),,,https://jobs.ashbyhq.com/allocate/a1cdc39f-2fde-4a83-a8a4-fe01add21410,,Series B,"$30,500,000",2025-09-03,unknown,https://www.allocate.co/careers,career_scrape,2026-07-10T17:10:41+00:00
Allocate,Sr. Software Engineer - Frontend (Remote) (Palo Alto),,,https://jobs.ashbyhq.com/allocate/a1d89f72-f9da-4c02-84ed-576f3b9b49c5,,Series B,"$30,500,000",2025-09-03,unknown,https://www.allocate.co/careers,career_scrape,2026-07-10T17:10:41+00:00
Star Catcher,Electrical  Engineer,Engineering,Star Catcher HQ,https://job-boards.greenhouse.io/star-catcher/jobs/4266290009,2026-06-08,Series A,"$65,000,000",2026-05-12,greenhouse,,ats_api,2026-07-10T17:10:41+00:00
Star Catcher,Mechanical Engineer,Engineering,Star Catcher HQ,https://job-boards.greenhouse.io/star-catcher/jobs/4260285009,2026-06-01,Series A,"$65,000,000",2026-05-12,greenhouse,,ats_api,2026-07-10T17:10:41+00:00
Star Catcher,Optical Systems Engineer,Engineering,Star Catcher HQ,https://job-boards.greenhouse.io/star-catcher/jobs/4111735009,2026-06-01,Series A,"$65,000,000",2026-05-12,greenhouse,,ats_api,2026-07-10T17:10:41+00:00
Star Catcher,Opto-Mechanical Engineer,Engineering,Star Catcher HQ,https://job-boards.greenhouse.io/star-catcher/jobs/4260206009,2026-06-01,Series A,"$65,000,000",2026-05-12,greenhouse,,ats_api,2026-07-10T17:10:41+00:00
Star Catcher,Project Manager,Engineering,Star Catcher HQ,https://job-boards.greenhouse.io/star-catcher/jobs/4260291009,2026-06-01,Series A,"$65,000,000",2026-05-12,greenhouse,,ats_api,2026-07-10T17:10:41+00:00
Star Catcher,Senior Systems Engineer,Engineering,Star Catcher HQ,https://job-boards.greenhouse.io/star-catcher/jobs/4260232009,2026-06-01,Series A,"$65,000,000",2026-05-12,greenhouse,,ats_api,2026-07-10T17:10:41+00:00
Star Catcher,Spacecraft ADCS Engineer,Engineering,Star Catcher HQ,https://job-boards.greenhouse.io/star-catcher/jobs/4260224009,2026-06-01,Series A,"$65,000,000",2026-05-12,greenhouse,,ats_api,2026-07-10T17:10:41+00:00
Star Catcher,Spacecraft Electrical Engineer,Engineering,Star Catcher HQ,https://job-boards.greenhouse.io/star-catcher/jobs/4260250009,2026-06-01,Series A,"$65,000,000",2026-05-12,greenhouse,,ats_api,2026-07-10T17:10:41+00:00
Star Catcher,Systems Engineer,Engineering,Star Catcher HQ,https://job-boards.greenhouse.io/star-catcher/jobs/4260264009,2026-06-01,Series A,"$65,000,000",2026-05-12,greenhouse,,ats_api,2026-07-10T17:10:41+00:00
Scout AI,WE’RE HIRING,,,https://scoutco.ai/company#careers,,Series A,"$100,000,000",2026-04-29,unknown,https://scoutco.ai/careers,career_scrape,2026-07-10T17:10:41+00:00
Scout AI,BACK TO BASE,,,https://scoutco.ai/careers,,Series A,"$100,000,000",2026-04-29,unknown,https://scoutco.ai/careers,career_scrape,2026-07-10T17:10:41+00:00
equipifi,Skip to content,,,https://www.equipifi.com/careers#main-content,,Series B,"$34,000,000",2026-05-14,unknown,https://www.equipifi.com/careers,career_scrape,2026-07-10T17:10:41+00:00
equipifi,Careers,,,https://www.equipifi.com/careers,,Series B,"$34,000,000",2026-05-14,unknown,https://www.equipifi.com/careers,career_scrape,2026-07-10T17:10:41+00:00
equipifi,Explore Positions,,,https://www.equipifi.com/careers#open-positions,,Series B,"$34,000,000",2026-05-14,unknown,https://www.equipifi.com/careers,career_scrape,2026-07-10T17:10:41+00:00
Inspiren,"Director, Client Success",Commercial,"New York, NY",https://job-boards.greenhouse.io/inspiren/jobs/5156251007,2026-07-09,Series B,"$100,000,000",2025-09-25,greenhouse,,ats_api,2026-07-10T17:10:41+00:00
Inspiren,Director of Embedded Systems Engineering,Hardware & Systems Engineering,Remote,https://job-boards.greenhouse.io/inspiren/jobs/5097540007,2026-07-09,Series B,"$100,000,000",2025-09-25,greenhouse,,ats_api,2026-07-10T17:10:41+00:00
Inspiren,"Director of Product Management, New Markets",Product,"New York, NY",https://job-boards.greenhouse.io/inspiren/jobs/5065042007,2026-07-09,Series B,"$100,000,000",2025-09-25,greenhouse,,ats_api,2026-07-10T17:10:41+00:00
Inspiren,"Director, Product Support",Operations,Remote,https://job-boards.greenhouse.io/inspiren/jobs/5171748007,2026-07-09,Series B,"$100,000,000",2025-09-25,greenhouse,,ats_api,2026-07-10T17:10:41+00:00
Inspiren,Enterprise Growth Director,Growth,Remote,https://job-boards.greenhouse.io/inspiren/jobs/4822959007,2026-07-09,Series B,"$100,000,000",2025-09-25,greenhouse,,ats_api,2026-07-10T17:10:41+00:00
Inspiren,Implementation Manager - West Coast Preferred ,Operations,Remote,https://job-boards.greenhouse.io/inspiren/jobs/5027571007,2026-07-09,Series B,"$100,000,000",2025-09-25,greenhouse,,ats_api,2026-07-10T17:10:41+00:00
Inspiren,"Manager, Data/ML Platform",Software Engineering,"New York, NY",https://job-boards.greenhouse.io/inspiren/jobs/5165948007,2026-07-09,Series B,"$100,000,000",2025-09-25,greenhouse,,ats_api,2026-07-10T17:10:41+00:00
Inspiren,People Ops & Culture Associate,G&A,"New York, NY",https://job-boards.greenhouse.io/inspiren/jobs/5181859007,2026-07-09,Series B,"$100,000,000",2025-09-25,greenhouse,,ats_api,2026-07-10T17:10:41+00:00
Inspiren,Principal RF & Radar Systems Engineer,Hardware & Systems Engineering,Remote,https://job-boards.greenhouse.io/inspiren/jobs/5052191007,2026-07-09,Series B,"$100,000,000",2025-09-25,greenhouse,,ats_api,2026-07-10T17:10:41+00:00
Inspiren,"Principal Systems PM, Perception Hardware & Platform ",Product,"New York, NY",https://job-boards.greenhouse.io/inspiren/jobs/5097877007,2026-07-09,Series B,"$100,000,000",2025-09-25,greenhouse,,ats_api,2026-07-10T17:10:41+00:00
Inspiren,Senior Data Scientist,Software Engineering,"New York, NY",https://job-boards.greenhouse.io/inspiren/jobs/5123394007,2026-07-09,Series B,"$100,000,000",2025-09-25,greenhouse,,ats_api,2026-07-10T17:10:41+00:00
Inspiren,Senior Materials Program Manager,Operations,Remote,https://job-boards.greenhouse.io/inspiren/jobs/5169348007,2026-07-09,Series B,"$100,000,000",2025-09-25,greenhouse,,ats_api,2026-07-10T17:10:41+00:00
Inspiren,Senior Mobile Engineer,Software Engineering,"New York, NY",https://job-boards.greenhouse.io/inspiren/jobs/5059525007,2026-07-09,Series B,"$100,000,000",2025-09-25,greenhouse,,ats_api,2026-07-10T17:10:41+00:00
Inspiren,Senior Software Engineer - Backend,Software Engineering,Remote,https://job-boards.greenhouse.io/inspiren/jobs/4892415007,2026-07-09,Series B,"$100,000,000",2025-09-25,greenhouse,,ats_api,2026-07-10T17:10:41+00:00
Inspiren,VP of Quality,Operations,"New York, NY",https://job-boards.greenhouse.io/inspiren/jobs/5135357007,2026-07-09,Series B,"$100,000,000",2025-09-25,greenhouse,,ats_api,2026-07-10T17:10:41+00:00
Inspiren,VP of Revenue Operations,Commercial,Remote,https://job-boards.greenhouse.io/inspiren/jobs/5139261007,2026-07-09,Series B,"$100,000,000",2025-09-25,greenhouse,,ats_api,2026-07-10T17:10:41+00:00
City Therapeutics,"Associate Director, Clinical Pharmacology ",Translational Sciences,City Therapeutics,https://job-boards.greenhouse.io/citytherapeutics/jobs/5240191008,2026-06-03,Series B,"$99,500,000",2026-06-08,greenhouse,,ats_api,2026-07-10T17:10:41+00:00
City Therapeutics,"Associate Director, Toxicology (Nonclinical Safety Evaluation)",Translational Sciences,City Therapeutics,https://job-boards.greenhouse.io/citytherapeutics/jobs/5232666008,2026-06-17,Series B,"$99,500,000",2026-06-08,greenhouse,,ats_api,2026-07-10T17:10:41+00:00
City Therapeutics,CTM/ Sr. Clinical Trial Manager,Clinical Operations,City Therapeutics,https://job-boards.greenhouse.io/citytherapeutics/jobs/5187815008,2026-06-22,Series B,"$99,500,000",2026-06-08,greenhouse,,ats_api,2026-07-10T17:10:41+00:00
City Therapeutics,Join the RNAi revolution!,General Submissions,City Therapeutics,https://job-boards.greenhouse.io/citytherapeutics/jobs/4173305008,2024-10-16,Series B,"$99,500,000",2026-06-08,greenhouse,,ats_api,2026-07-10T17:10:41+00:00
City Therapeutics,"Senior Director, Clinical Operations",Clinical Operations,City Therapeutics,https://job-boards.greenhouse.io/citytherapeutics/jobs/5185366008,2026-04-10,Series B,"$99,500,000",2026-06-08,greenhouse,,ats_api,2026-07-10T17:10:41+00:00
City Therapeutics,"Senior Scientist, CMC Quality Control",CMC,City Therapeutics,https://job-boards.greenhouse.io/citytherapeutics/jobs/5153226008,2026-05-06,Series B,"$99,500,000",2026-06-08,greenhouse,,ats_api,2026-07-10T17:10:41+00:00
InstaLILY AI,Business Operations Intern,General and Administrative,New York City,https://job-boards.greenhouse.io/instalilyai/jobs/4285404009,2026-06-29,Series A,"$25,000,000",2025-08-27,greenhouse,https://instalily.ai/careers,ats_api,2026-07-10T17:10:41+00:00
InstaLILY AI,Design Engineer,Research and Development,New York City,https://job-boards.greenhouse.io/instalilyai/jobs/4271810009,2026-06-29,Series A,"$25,000,000",2025-08-27,greenhouse,https://instalily.ai/careers,ats_api,2026-07-10T17:10:41+00:00
InstaLILY AI,"Director, Office of the COO",General and Administrative,New York City,https://job-boards.greenhouse.io/instalilyai/jobs/4295069009,2026-06-29,Series A,"$25,000,000",2025-08-27,greenhouse,https://instalily.ai/careers,ats_api,2026-07-10T17:10:41+00:00
InstaLILY AI,Engineering Manager - London,Research and Development,London,https://job-boards.greenhouse.io/instalilyai/jobs/4305015009,2026-07-08,Series A,"$25,000,000",2025-08-27,greenhouse,https://instalily.ai/careers,ats_api,2026-07-10T17:10:41+00:00
InstaLILY AI,Enterprise Customer Partner,Sales and Marketing (incl Growth),New York City,https://job-boards.greenhouse.io/instalilyai/jobs/4273002009,2026-06-29,Series A,"$25,000,000",2025-08-27,greenhouse,https://instalily.ai/careers,ats_api,2026-07-10T17:10:41+00:00
InstaLILY AI,Growth & Business Analyst II ,Sales and Marketing (incl Growth),New York City,https://job-boards.greenhouse.io/instalilyai/jobs/4284329009,2026-06-29,Series A,"$25,000,000",2025-08-27,greenhouse,https://instalily.ai/careers,ats_api,2026-07-10T17:10:41+00:00
InstaLILY AI,Growth & Business Analyst - London,Sales and Marketing (incl Growth),London,https://job-boards.greenhouse.io/instalilyai/jobs/4284342009,2026-06-29,Series A,"$25,000,000",2025-08-27,greenhouse,https://instalily.ai/careers,ats_api,2026-07-10T17:10:41+00:00
InstaLILY AI,Growth & Business Analyst (Supply Chain),Sales and Marketing (incl Growth),New York City,https://job-boards.greenhouse.io/instalilyai/jobs/4284441009,2026-06-29,Series A,"$25,000,000",2025-08-27,greenhouse,https://instalily.ai/careers,ats_api,2026-07-10T17:10:41+00:00
InstaLILY AI,"GTM-Operations Intern, Events",General and Administrative,New York City,https://job-boards.greenhouse.io/instalilyai/jobs/4273058009,2026-06-29,Series A,"$25,000,000",2025-08-27,greenhouse,https://instalily.ai/careers,ats_api,2026-07-10T17:10:41+00:00
InstaLILY AI,Head of Field Services,Sales and Marketing (incl Growth),New York City,https://job-boards.greenhouse.io/instalilyai/jobs/4272978009,2026-06-29,Series A,"$25,000,000",2025-08-27,greenhouse,https://instalily.ai/careers,ats_api,2026-07-10T17:10:41+00:00
InstaLILY AI,Head of Pharma,Sales and Marketing (incl Growth),New York City,https://job-boards.greenhouse.io/instalilyai/jobs/4273066009,2026-06-29,Series A,"$25,000,000",2025-08-27,greenhouse,https://instalily.ai/careers,ats_api,2026-07-10T17:10:41+00:00
InstaLILY AI,Operations Coordinator - London,General and Administrative,London,https://job-boards.greenhouse.io/instalilyai/jobs/4273134009,2026-06-29,Series A,"$25,000,000",2025-08-27,greenhouse,https://instalily.ai/careers,ats_api,2026-07-10T17:10:41+00:00
InstaLILY AI,"Operator, Office of the CEO",General and Administrative,New York City,https://job-boards.greenhouse.io/instalilyai/jobs/4273062009,2026-07-09,Series A,"$25,000,000",2025-08-27,greenhouse,https://instalily.ai/careers,ats_api,2026-07-10T17:10:41+00:00
InstaLILY AI,Product Associate,Research and Development,New York City,https://job-boards.greenhouse.io/instalilyai/jobs/4261606009,2026-06-29,Series A,"$25,000,000",2025-08-27,greenhouse,https://instalily.ai/careers,ats_api,2026-07-10T17:10:41+00:00
InstaLILY AI,Product Associate - Toronto ,Research and Development,Toronto,https://job-boards.greenhouse.io/instalilyai/jobs/4286738009,2026-06-29,Series A,"$25,000,000",2025-08-27,greenhouse,https://instalily.ai/careers,ats_api,2026-07-10T17:10:41+00:00
InstaLILY AI,Senior Brand Writer,Sales and Marketing (incl Growth),New York City,https://job-boards.greenhouse.io/instalilyai/jobs/4273054009,2026-06-29,Series A,"$25,000,000",2025-08-27,greenhouse,https://instalily.ai/careers,ats_api,2026-07-10T17:10:41+00:00
InstaLILY AI,"Social Media Manager, Audience Growth",Sales and Marketing (incl Growth),New York City,https://job-boards.greenhouse.io/instalilyai/jobs/4273133009,2026-06-29,Series A,"$25,000,000",2025-08-27,greenhouse,https://instalily.ai/careers,ats_api,2026-07-10T17:10:41+00:00
InstaLILY AI,"Software Engineer, Full Stack",Research and Development,New York City,https://job-boards.greenhouse.io/instalilyai/jobs/4261595009,2026-06-29,Series A,"$25,000,000",2025-08-27,greenhouse,https://instalily.ai/careers,ats_api,2026-07-10T17:10:41+00:00
InstaLILY AI,"Software Engineer, General - London",Research and Development,London,https://job-boards.greenhouse.io/instalilyai/jobs/4264790009,2026-06-29,Series A,"$25,000,000",2025-08-27,greenhouse,https://instalily.ai/careers,ats_api,2026-07-10T17:10:41+00:00
InstaLILY AI,"Software Engineer, General - Toronto",Research and Development,Toronto,https://job-boards.greenhouse.io/instalilyai/jobs/4271723009,2026-06-29,Series A,"$25,000,000",2025-08-27,greenhouse,https://instalily.ai/careers,ats_api,2026-07-10T17:10:41+00:00
InstaLILY AI,"Software Engineer I, General",Research and Development,New York City,https://job-boards.greenhouse.io/instalilyai/jobs/4271757009,2026-06-29,Series A,"$25,000,000",2025-08-27,greenhouse,https://instalily.ai/careers,ats_api,2026-07-10T17:10:41+00:00
InstaLILY AI,"Software Engineer II, General",Research and Development,New York City,https://job-boards.greenhouse.io/instalilyai/jobs/4296649009,2026-06-29,Series A,"$25,000,000",2025-08-27,greenhouse,https://instalily.ai/careers,ats_api,2026-07-10T17:10:41+00:00
InstaLILY AI,Software Engineering Lead,Research and Development,New York City,https://job-boards.greenhouse.io/instalilyai/jobs/4301365009,2026-07-06,Series A,"$25,000,000",2025-08-27,greenhouse,https://instalily.ai/careers,ats_api,2026-07-10T17:10:41+00:00
InstaLILY AI,Talent Acquisition Lead,General and Administrative,New York City,https://job-boards.greenhouse.io/instalilyai/jobs/4261668009,2026-06-29,Series A,"$25,000,000",2025-08-27,greenhouse,https://instalily.ai/careers,ats_api,2026-07-10T17:10:41+00:00
Contraline,Apply for position,,,https://www.contraline.com/careers/c5W0PPaDGE19Ly0o28P8qb5#senior-product-development-engineer,,Series B,"$92,500,000",2026-06-02,unknown,https://www.contraline.com/careers,career_scrape,2026-07-10T17:10:41+00:00
Lunar Outpost,Careers,,,https://www.lunaroutpost.com/careers,,Series B,"$32,115,099",2026-05-07,unknown,https://www.lunaroutpost.com/careers,career_scrape,2026-07-10T17:10:41+00:00
Stand,Applied Science Platform Lead San Francisco · Full-time · Hybrid · $200K – $240K • Offers Equity VIEW ROLE →,,,https://jobs.ashbyhq.com/standinsurance/d6867d42-563b-4385-8db9-4acb7757a3f2,,Series B,"$35,000,000",2025-10-16,unknown,https://www.standinsurance.com/careers/,career_scrape,2026-07-10T17:10:41+00:00
Bluefish,Account Lead,Growth,"New York, Hybrid",https://job-boards.greenhouse.io/bluefishai/jobs/4640093008,2026-02-23,Series B,"$43,000,000",2026-04-14,greenhouse,,ats_api,2026-07-10T17:10:41+00:00
Bluefish,Chief Revenue Officer,Executive-Level,New York,https://job-boards.greenhouse.io/bluefishai/jobs/5074977008,2026-04-16,Series B,"$43,000,000",2026-04-14,greenhouse,,ats_api,2026-07-10T17:10:41+00:00
Bluefish,Customer AI Analyst,Services,New York,https://job-boards.greenhouse.io/bluefishai/jobs/4743236008,2026-02-23,Series B,"$43,000,000",2026-04-14,greenhouse,,ats_api,2026-07-10T17:10:41+00:00
Bluefish,Customer AI Strategist,Services,New York,https://job-boards.greenhouse.io/bluefishai/jobs/4922863008,2026-06-29,Series B,"$43,000,000",2026-04-14,greenhouse,,ats_api,2026-07-10T17:10:41+00:00
Bluefish,Director of Finance,Business Operations,New York,https://job-boards.greenhouse.io/bluefishai/jobs/5101262008,2026-02-23,Series B,"$43,000,000",2026-04-14,greenhouse,,ats_api,2026-07-10T17:10:41+00:00
Bluefish,Director of Growth,Growth,New York,https://job-boards.greenhouse.io/bluefishai/jobs/5116645008,2026-02-23,Series B,"$43,000,000",2026-04-14,greenhouse,,ats_api,2026-07-10T17:10:41+00:00
Bluefish,Director of HR,Business Operations,New York,https://job-boards.greenhouse.io/bluefishai/jobs/5158411008,2026-03-18,Series B,"$43,000,000",2026-04-14,greenhouse,,ats_api,2026-07-10T17:10:41+00:00
Bluefish,Director of Professional Services,Services,New York,https://job-boards.greenhouse.io/bluefishai/jobs/5168518008,2026-03-27,Series B,"$43,000,000",2026-04-14,greenhouse,,ats_api,2026-07-10T17:10:41+00:00
Bluefish,Events Lead,Marketing,New York,https://job-boards.greenhouse.io/bluefishai/jobs/5187089008,2026-04-13,Series B,"$43,000,000",2026-04-14,greenhouse,,ats_api,2026-07-10T17:10:41+00:00
Bluefish,Product Lead,Product,"New York, Hybrid",https://job-boards.greenhouse.io/bluefishai/jobs/4585652008,2026-02-23,Series B,"$43,000,000",2026-04-14,greenhouse,,ats_api,2026-07-10T17:10:41+00:00
Bluefish,Senior AI Engineer,Engineering,London,https://job-boards.greenhouse.io/bluefishai/jobs/5013860008,2026-04-14,Series B,"$43,000,000",2026-04-14,greenhouse,,ats_api,2026-07-10T17:10:41+00:00
Bluefish,Senior AI Engineer,Engineering,Berlin,https://job-boards.greenhouse.io/bluefishai/jobs/5013853008,2026-04-14,Series B,"$43,000,000",2026-04-14,greenhouse,,ats_api,2026-07-10T17:10:41+00:00
Bluefish,Senior Backend Engineer (Data Platform),Engineering,New York,https://job-boards.greenhouse.io/bluefishai/jobs/5212649008,2026-05-07,Series B,"$43,000,000",2026-04-14,greenhouse,,ats_api,2026-07-10T17:10:41+00:00
Bluefish,Senior Customer AI Engineer,Technical Sales,New York,https://job-boards.greenhouse.io/bluefishai/jobs/5108062008,2026-05-19,Series B,"$43,000,000",2026-04-14,greenhouse,,ats_api,2026-07-10T17:10:41+00:00
Bluefish,Senior Customer AI Researcher,Services,New York,https://job-boards.greenhouse.io/bluefishai/jobs/5128190008,2026-02-23,Series B,"$43,000,000",2026-04-14,greenhouse,,ats_api,2026-07-10T17:10:41+00:00
Bluefish,Senior Data Engineer,Engineering,Berlin,https://job-boards.greenhouse.io/bluefishai/jobs/5217308008,2026-05-12,Series B,"$43,000,000",2026-04-14,greenhouse,,ats_api,2026-07-10T17:10:41+00:00
Bluefish,Senior Sales AI Engineer,Technical Sales,New York,https://job-boards.greenhouse.io/bluefishai/jobs/4743268008,2026-02-23,Series B,"$43,000,000",2026-04-14,greenhouse,,ats_api,2026-07-10T17:10:41+00:00
Bluefish,"Senior/Staff Data Scientist, Analytics",Engineering,New York,https://job-boards.greenhouse.io/bluefishai/jobs/5252777008,2026-06-15,Series B,"$43,000,000",2026-04-14,greenhouse,,ats_api,2026-07-10T17:10:41+00:00
Bluefish,Senior UX Designer,Product,"New York, Hybrid",https://job-boards.greenhouse.io/bluefishai/jobs/4618291008,2026-06-04,Series B,"$43,000,000",2026-04-14,greenhouse,,ats_api,2026-07-10T17:10:41+00:00
Bluefish,Sr Sales Director,Sales,"New York, Hybrid",https://job-boards.greenhouse.io/bluefishai/jobs/4639780008,2026-02-23,Series B,"$43,000,000",2026-04-14,greenhouse,,ats_api,2026-07-10T17:10:41+00:00
Bluefish,Staff AI Engineer,Engineering,London,https://job-boards.greenhouse.io/bluefishai/jobs/5286829008,2026-07-07,Series B,"$43,000,000",2026-04-14,greenhouse,,ats_api,2026-07-10T17:10:41+00:00
Bluefish,Staff AI Engineer,Engineering,Berlin,https://job-boards.greenhouse.io/bluefishai/jobs/5014109008,2026-07-07,Series B,"$43,000,000",2026-04-14,greenhouse,,ats_api,2026-07-10T17:10:41+00:00
Bluefish,Strategic Customer Success Lead,Customer Success,New York,https://job-boards.greenhouse.io/bluefishai/jobs/5116570008,2026-02-23,Series B,"$43,000,000",2026-04-14,greenhouse,,ats_api,2026-07-10T17:10:41+00:00
Bluefish,"Strategic Customer Success Lead, EMEA",Customer Success,France,https://job-boards.greenhouse.io/bluefishai/jobs/5146479008,2026-03-06,Series B,"$43,000,000",2026-04-14,greenhouse,,ats_api,2026-07-10T17:10:41+00:00
Bluefish,Strategic Partnerships Director,Business Development,New York,https://job-boards.greenhouse.io/bluefishai/jobs/5187118008,2026-04-13,Series B,"$43,000,000",2026-04-14,greenhouse,,ats_api,2026-07-10T17:10:41+00:00
Bluefish,Technical Product Manager,Product,New York,https://job-boards.greenhouse.io/bluefishai/jobs/5108073008,2026-02-23,Series B,"$43,000,000",2026-04-14,greenhouse,,ats_api,2026-07-10T17:10:41+00:00
Bluefish,VP of Product,Product,"New York, Hybrid",https://job-boards.greenhouse.io/bluefishai/jobs/4943024008,2026-03-16,Series B,"$43,000,000",2026-04-14,greenhouse,,ats_api,2026-07-10T17:10:41+00:00
Bluefish,VP of Sales,Sales,New York,https://job-boards.greenhouse.io/bluefishai/jobs/5074927008,2026-04-16,Series B,"$43,000,000",2026-04-14,greenhouse,,ats_api,2026-07-10T17:10:41+00:00
Outmarket AI,Data Engineer Remote US · Remote India Role Details ↗,,,https://jobs.ashbyhq.com/Outmarket/96a0b0b9-4d09-43d1-a429-776b6e54bd36,,Series A,"$17,000,000",2026-05-13,unknown,https://outmarket.ai/careers,career_scrape,2026-07-10T17:10:41+00:00
Outmarket AI,IT Engineer Remote US · Remote India Role Details ↗,,,https://jobs.ashbyhq.com/Outmarket/527e02fd-d54a-4440-9b6c-924e679dd825,,Series A,"$17,000,000",2026-05-13,unknown,https://outmarket.ai/careers,career_scrape,2026-07-10T17:10:41+00:00
Outmarket AI,Platform Engineer Remote US · Remote India Role Details ↗,,,https://jobs.ashbyhq.com/Outmarket/ab2be675-76ac-44b3-98ed-d59f5285b4f9,,Series A,"$17,000,000",2026-05-13,unknown,https://outmarket.ai/careers,career_scrape,2026-07-10T17:10:41+00:00
Outmarket AI,Principal Software Engineer Remote US · Remote India Role Details ↗,,,https://jobs.ashbyhq.com/Outmarket/7db23952-fb3c-42fa-81c0-5fd485e6849b,,Series A,"$17,000,000",2026-05-13,unknown,https://outmarket.ai/careers,career_scrape,2026-07-10T17:10:41+00:00
Outmarket AI,Security Engineer Remote US · Remote India Role Details ↗,,,https://jobs.ashbyhq.com/Outmarket/bba04db6-c2da-4abc-92e6-af14ee02a3b5,,Series A,"$17,000,000",2026-05-13,unknown,https://outmarket.ai/careers,career_scrape,2026-07-10T17:10:41+00:00
Outmarket AI,Senior Data Engineer Remote US · Remote India Role Details ↗,,,https://jobs.ashbyhq.com/Outmarket/f1ad2211-ad8e-4c7d-8fd3-350904f24e2c,,Series A,"$17,000,000",2026-05-13,unknown,https://outmarket.ai/careers,career_scrape,2026-07-10T17:10:41+00:00
Outmarket AI,Senior Software Engineer Remote US · Remote India Role Details ↗,,,https://jobs.ashbyhq.com/Outmarket/736024c0-15b1-4c75-82fd-7e1798f6ab79,,Series A,"$17,000,000",2026-05-13,unknown,https://outmarket.ai/careers,career_scrape,2026-07-10T17:10:41+00:00
Outmarket AI,Software Engineer Remote US · Remote India Role Details ↗,,,https://jobs.ashbyhq.com/Outmarket/10a2487a-1594-4400-8404-9ad2e96eb253,,Series A,"$17,000,000",2026-05-13,unknown,https://outmarket.ai/careers,career_scrape,2026-07-10T17:10:41+00:00
Outmarket AI,Staff Software Engineer Remote US · Remote India Role Details ↗,,,https://jobs.ashbyhq.com/Outmarket/6f90773b-8993-4387-8481-99cd959e3f06,,Series A,"$17,000,000",2026-05-13,unknown,https://outmarket.ai/careers,career_scrape,2026-07-10T17:10:41+00:00
Outmarket AI,Full Stack AI Engineer Remote US · Remote India Role Details ↗,,,https://jobs.ashbyhq.com/Outmarket/716e3319-1d72-4f8d-b5d9-efb9de1cf72f,,Series A,"$17,000,000",2026-05-13,unknown,https://outmarket.ai/careers,career_scrape,2026-07-10T17:10:41+00:00
Outmarket AI,Front End AI Engineer Remote US · Remote India Role Details ↗,,,https://jobs.ashbyhq.com/Outmarket/80670027-3c1e-478c-ab2c-590be7194330,,Series A,"$17,000,000",2026-05-13,unknown,https://outmarket.ai/careers,career_scrape,2026-07-10T17:10:41+00:00
Outmarket AI,Applied AI Scientist (PhD) Remote US Role Details ↗,,,https://jobs.ashbyhq.com/Outmarket/2ae80420-d9f5-43a4-b54f-3a4cd3ba9d05,,Series A,"$17,000,000",2026-05-13,unknown,https://outmarket.ai/careers,career_scrape,2026-07-10T17:10:41+00:00
Outmarket AI,Forward Deployed AI Engineer Remote US Role Details ↗,,,https://jobs.ashbyhq.com/Outmarket/0a51cbbb-709e-4c4d-b40f-1f4c06487a73,,Series A,"$17,000,000",2026-05-13,unknown,https://outmarket.ai/careers,career_scrape,2026-07-10T17:10:41+00:00
Outmarket AI,Technical Program Manager Remote US Role Details ↗,,,https://jobs.ashbyhq.com/Outmarket/f5200de7-2514-4cfc-baf9-465098a4c06d,,Series A,"$17,000,000",2026-05-13,unknown,https://outmarket.ai/careers,career_scrape,2026-07-10T17:10:41+00:00
Outmarket AI,Strategy & BizOps Senior Manager / Manager Remote US Role Details ↗,,,https://jobs.ashbyhq.com/Outmarket/8623e78a-17ba-4791-93a2-5646a982267d,,Series A,"$17,000,000",2026-05-13,unknown,https://outmarket.ai/careers,career_scrape,2026-07-10T17:10:41+00:00
Outmarket AI,Strategic Finance Manager Remote US Role Details ↗,,,https://jobs.ashbyhq.com/Outmarket/098b9a23-e644-4679-9e0a-127a8482cab2,,Series A,"$17,000,000",2026-05-13,unknown,https://outmarket.ai/careers,career_scrape,2026-07-10T17:10:41+00:00
Outmarket AI,Revenue Operations Lead / GTM AI Architect Remote US Role Details ↗,,,https://jobs.ashbyhq.com/Outmarket/4919db74-3604-4270-b7aa-5166f80c312f,,Series A,"$17,000,000",2026-05-13,unknown,https://outmarket.ai/careers,career_scrape,2026-07-10T17:10:41+00:00
Outmarket AI,Recruiter Remote US Role Details ↗,,,https://jobs.ashbyhq.com/Outmarket/ffb0c9c2-bc28-4c15-96d4-8b9a2f010340,,Series A,"$17,000,000",2026-05-13,unknown,https://outmarket.ai/careers,career_scrape,2026-07-10T17:10:41+00:00
Outmarket AI,Senior Account Executive Remote US Role Details ↗,,,https://jobs.ashbyhq.com/Outmarket/11503928-f0ca-4479-b154-980dc6888c77,,Series A,"$17,000,000",2026-05-13,unknown,https://outmarket.ai/careers,career_scrape,2026-07-10T17:10:41+00:00
Outmarket AI,Customer Success Manager (Employee Benefits) Remote US Role Details ↗,,,https://jobs.ashbyhq.com/Outmarket/bbc83f4f-78fe-46f8-aafe-18a998afd06b,,Series A,"$17,000,000",2026-05-13,unknown,https://outmarket.ai/careers,career_scrape,2026-07-10T17:10:41+00:00
Outmarket AI,Product Manager - Workflows Remote US Role Details ↗,,,https://jobs.ashbyhq.com/Outmarket/9a27a29f-f67c-442c-88a9-0e8f9dafc854,,Series A,"$17,000,000",2026-05-13,unknown,https://outmarket.ai/careers,career_scrape,2026-07-10T17:10:41+00:00
Outmarket AI,Product Lead - Data Remote US · Remote India Role Details ↗,,,https://jobs.ashbyhq.com/Outmarket/ce3090da-5873-4284-98a4-8da5a63aa166,,Series A,"$17,000,000",2026-05-13,unknown,https://outmarket.ai/careers,career_scrape,2026-07-10T17:10:41+00:00
Uncountable,Careers,,,https://www.uncountable.com/careers,,Series A,"$27,000,000",2025-06-17,unknown,https://www.uncountable.com/careers,career_scrape,2026-07-10T17:10:41+00:00
Uncountable,Check out our latest opportunities,,,https://www.uncountable.com/open-positions,,Series A,"$27,000,000",2025-06-17,unknown,https://www.uncountable.com/careers,career_scrape,2026-07-10T17:10:41+00:00
Enzo Health,Careers,,,https://ats.rippling.com/enzo-health/jobs,,Series A,"$20,000,000",2026-05-04,unknown,https://www.enzo.health/careers,career_scrape,2026-07-10T17:10:41+00:00
Overland AI,APPLY NOW,,,https://ats.rippling.com/overland-ai/jobs?page=0,,Series B,"$80,000,000",2026-02-03,unknown,https://www.overland.ai/careers,career_scrape,2026-07-10T17:10:41+00:00
Fun,"Backend Engineer Full-time New York, NY Learn more",,,https://jobs.lever.co/funxyz/a6764645-a33f-48e0-a82d-3496f9c8573d,,Series A,"$72,000,000",2026-05-01,unknown,https://fun.xyz/careers,career_scrape,2026-07-10T17:10:41+00:00
Fun,Backend Engineer (Singapore) Full-time Singapore Learn more,,,https://jobs.lever.co/funxyz/006c67e4-cf9a-4644-85fb-9b4c314f1090,,Series A,"$72,000,000",2026-05-01,unknown,https://fun.xyz/careers,career_scrape,2026-07-10T17:10:41+00:00
Fun,"Product Engineer Full-time New York, NY Learn more",,,https://jobs.lever.co/funxyz/c44ae922-48ac-470c-b325-a943ea6c94e6,,Series A,"$72,000,000",2026-05-01,unknown,https://fun.xyz/careers,career_scrape,2026-07-10T17:10:41+00:00
Fun,Product Engineer (Singapore) Full-time Singapore Learn more,,,https://jobs.lever.co/funxyz/3164d302-1351-4e3e-ad68-216c25a3a6fd,,Series A,"$72,000,000",2026-05-01,unknown,https://fun.xyz/careers,career_scrape,2026-07-10T17:10:41+00:00
Fun,"Protocol Engineer Full-time New York, NY Learn more",,,https://jobs.lever.co/funxyz/0b89cd09-c48b-492e-93be-c0d2fd73b4eb,,Series A,"$72,000,000",2026-05-01,unknown,https://fun.xyz/careers,career_scrape,2026-07-10T17:10:41+00:00
Fun,"Staff Product Designer Full-time New York, NY Learn more",,,https://jobs.lever.co/funxyz/dd38f633-0a53-40c2-9196-89c82833be72,,Series A,"$72,000,000",2026-05-01,unknown,https://fun.xyz/careers,career_scrape,2026-07-10T17:10:41+00:00
Fun,"People and Culture Associate Full-time New York, NY Learn more",,,https://jobs.lever.co/funxyz/b5e701f4-2b75-4214-869c-c2e74a08f770,,Series A,"$72,000,000",2026-05-01,unknown,https://fun.xyz/careers,career_scrape,2026-07-10T17:10:41+00:00
Fun,"Business Development Lead Full-time New York, NY Learn more",,,https://jobs.lever.co/funxyz/cd82743c-7ce6-4b78-89c9-bbd832e560d9,,Series A,"$72,000,000",2026-05-01,unknown,https://fun.xyz/careers,career_scrape,2026-07-10T17:10:41+00:00
Fun,"Customer Support Lead Full-time New York, NY Learn more",,,https://jobs.lever.co/funxyz/b9aba4dd-284c-4340-9c46-dd2856ec21a4,,Series A,"$72,000,000",2026-05-01,unknown,https://fun.xyz/careers,career_scrape,2026-07-10T17:10:41+00:00
Fun,"Sales Development Representative Full-time New York, NY Learn more",,,https://jobs.lever.co/funxyz/c6106768-2732-42c5-a3e3-0ed4fe57cc91,,Series A,"$72,000,000",2026-05-01,unknown,https://fun.xyz/careers,career_scrape,2026-07-10T17:10:41+00:00
Orkes,Account Executive,Sales,"Remote, US",https://job-boards.greenhouse.io/orkes/jobs/4408641008,2026-02-23,Series B,"$60,000,000",2026-04-23,greenhouse,,ats_api,2026-07-10T17:10:41+00:00
Orkes,Business Development Representative ,Sales,"Remote, Australia",https://job-boards.greenhouse.io/orkes/jobs/4633656008,2026-02-23,Series B,"$60,000,000",2026-04-23,greenhouse,,ats_api,2026-07-10T17:10:41+00:00
Orkes,Business Development Representative ,Sales,"Remote, UK",https://job-boards.greenhouse.io/orkes/jobs/4942344008,2026-02-23,Series B,"$60,000,000",2026-04-23,greenhouse,,ats_api,2026-07-10T17:10:41+00:00
Orkes,Community Developer Lead,Engineering,"Santa Clara, CA, USA ",https://job-boards.greenhouse.io/orkes/jobs/5255683008,2026-06-12,Series B,"$60,000,000",2026-04-23,greenhouse,,ats_api,2026-07-10T17:10:41+00:00
Orkes,Content Engineer,Engineering,"Santa Clara, CA, USA ",https://job-boards.greenhouse.io/orkes/jobs/5209267008,2026-05-14,Series B,"$60,000,000",2026-04-23,greenhouse,,ats_api,2026-07-10T17:10:41+00:00
Orkes,Demand Generation Manager,Marketing,"Remote, US",https://job-boards.greenhouse.io/orkes/jobs/5106378008,2026-02-23,Series B,"$60,000,000",2026-04-23,greenhouse,,ats_api,2026-07-10T17:10:41+00:00
Orkes,Engineering Manager,Engineering,"Santa Clara, CA, USA ",https://job-boards.greenhouse.io/orkes/jobs/5203462008,2026-05-18,Series B,"$60,000,000",2026-04-23,greenhouse,,ats_api,2026-07-10T17:10:41+00:00
Orkes,Enterprise Account Executive,Sales,"Remote, US",https://job-boards.greenhouse.io/orkes/jobs/4570427008,2026-02-23,Series B,"$60,000,000",2026-04-23,greenhouse,,ats_api,2026-07-10T17:10:41+00:00
Orkes,Human Resources Manager,People,"Santa Clara, CA, USA ",https://job-boards.greenhouse.io/orkes/jobs/5202015008,2026-04-28,Series B,"$60,000,000",2026-04-23,greenhouse,,ats_api,2026-07-10T17:10:41+00:00
Orkes,Product Manager,Product,"Bellevue, WA, USA ",https://job-boards.greenhouse.io/orkes/jobs/4228192008,2026-02-23,Series B,"$60,000,000",2026-04-23,greenhouse,,ats_api,2026-07-10T17:10:41+00:00
Orkes,Sales Development Representative ,Sales,"Remote, US",https://job-boards.greenhouse.io/orkes/jobs/4422314008,2026-02-23,Series B,"$60,000,000",2026-04-23,greenhouse,,ats_api,2026-07-10T17:10:41+00:00
Orkes,Sales Engineer,Sales,"Remote, UK",https://job-boards.greenhouse.io/orkes/jobs/4942356008,2026-02-23,Series B,"$60,000,000",2026-04-23,greenhouse,,ats_api,2026-07-10T17:10:41+00:00
Orkes,Senior/Staff Software Engineer,Engineering,"Santa Clara, CA, USA ",https://job-boards.greenhouse.io/orkes/jobs/4998231008,2026-06-08,Series B,"$60,000,000",2026-04-23,greenhouse,,ats_api,2026-07-10T17:10:41+00:00
Orkes,Site Reliability Engineer,Engineering,"Remote, Australia",https://job-boards.greenhouse.io/orkes/jobs/5221481008,2026-07-08,Series B,"$60,000,000",2026-04-23,greenhouse,,ats_api,2026-07-10T17:10:41+00:00
Orkes,Solutions Architect,Engineering,"Remote, US",https://job-boards.greenhouse.io/orkes/jobs/4894213008,2026-05-13,Series B,"$60,000,000",2026-04-23,greenhouse,,ats_api,2026-07-10T17:10:41+00:00
Orkes,Technical Account Manager,Sales,"Remote, Australia",https://job-boards.greenhouse.io/orkes/jobs/4433616008,2026-02-23,Series B,"$60,000,000",2026-04-23,greenhouse,,ats_api,2026-07-10T17:10:41+00:00
Orkes,Technical Program Manager,Engineering,"Santa Clara, CA, USA ",https://job-boards.greenhouse.io/orkes/jobs/5228109008,2026-05-21,Series B,"$60,000,000",2026-04-23,greenhouse,,ats_api,2026-07-10T17:10:41+00:00
Jump,Solutions,,,https://jump.ai/careers,,Series B,"$80,000,000",2026-02-19,unknown,https://jump.ai/careers,career_scrape,2026-07-10T17:10:41+00:00
OpenFX,Business Operations Manager,Operations,India - Bangalore,https://job-boards.greenhouse.io/openfx/jobs/4823425008,2026-05-17,Series A,"$94,000,000",2026-03-31,greenhouse,,ats_api,2026-07-10T17:10:41+00:00
OpenFX,Compliance Analyst ,Compliance,India - Bangalore,https://job-boards.greenhouse.io/openfx/jobs/5165024008,2026-05-17,Series A,"$94,000,000",2026-03-31,greenhouse,,ats_api,2026-07-10T17:10:41+00:00
OpenFX,Compliance Program Manager,Engineering,India - Bangalore,https://job-boards.greenhouse.io/openfx/jobs/5123949008,2026-05-17,Series A,"$94,000,000",2026-03-31,greenhouse,,ats_api,2026-07-10T17:10:41+00:00
OpenFX,Data Science & Analytics Lead,Operations,India - Bangalore,https://job-boards.greenhouse.io/openfx/jobs/4777965008,2026-06-25,Series A,"$94,000,000",2026-03-31,greenhouse,,ats_api,2026-07-10T17:10:41+00:00
OpenFX,Developer Experience Lead ,Product,UK - London,https://job-boards.greenhouse.io/openfx/jobs/5208798008,2026-05-17,Series A,"$94,000,000",2026-03-31,greenhouse,,ats_api,2026-07-10T17:10:41+00:00
OpenFX,Executive Assistant to CEO,Operations,India - Bangalore,https://job-boards.greenhouse.io/openfx/jobs/5170939008,2026-05-17,Series A,"$94,000,000",2026-03-31,greenhouse,,ats_api,2026-07-10T17:10:41+00:00
OpenFX,Executive Assistant to CTO,Operations,India - Bangalore,https://job-boards.greenhouse.io/openfx/jobs/5170941008,2026-05-17,Series A,"$94,000,000",2026-03-31,greenhouse,,ats_api,2026-07-10T17:10:41+00:00
OpenFX,Head of Compliance (Americas),Compliance,US - Miami,https://job-boards.greenhouse.io/openfx/jobs/4993976008,2026-05-19,Series A,"$94,000,000",2026-03-31,greenhouse,,ats_api,2026-07-10T17:10:41+00:00
OpenFX,Head of Marketing,GTM,UK - London,https://job-boards.greenhouse.io/openfx/jobs/4982487008,2026-05-17,Series A,"$94,000,000",2026-03-31,greenhouse,,ats_api,2026-07-10T17:10:41+00:00
OpenFX,Head of People Operations & Talent,Operations,UAE - Dubai,https://job-boards.greenhouse.io/openfx/jobs/5170926008,2026-05-17,Series A,"$94,000,000",2026-03-31,greenhouse,,ats_api,2026-07-10T17:10:41+00:00
OpenFX,Head of Product Design,Product,India - Bangalore,https://job-boards.greenhouse.io/openfx/jobs/5121568008,2026-05-17,Series A,"$94,000,000",2026-03-31,greenhouse,,ats_api,2026-07-10T17:10:41+00:00
OpenFX,HR & People Operations Manager,Operations,UAE - Dubai,https://job-boards.greenhouse.io/openfx/jobs/4777955008,2026-05-17,Series A,"$94,000,000",2026-03-31,greenhouse,,ats_api,2026-07-10T17:10:41+00:00
OpenFX,India Compliance Manager,Compliance,India - Bangalore,https://job-boards.greenhouse.io/openfx/jobs/4604051008,2026-05-17,Series A,"$94,000,000",2026-03-31,greenhouse,,ats_api,2026-07-10T17:10:41+00:00
OpenFX,InfoSec - Application & Cloud Security Engineer (L2),Engineering,India - Bangalore,https://job-boards.greenhouse.io/openfx/jobs/5196253008,2026-07-06,Series A,"$94,000,000",2026-03-31,greenhouse,,ats_api,2026-07-10T17:10:41+00:00
OpenFX,Legal Counsel,Legal & Regulatory Affairs,Remote,https://job-boards.greenhouse.io/openfx/jobs/5171284008,2026-05-17,Series A,"$94,000,000",2026-03-31,greenhouse,,ats_api,2026-07-10T17:10:41+00:00
OpenFX,Legal Counsel India,Legal & Regulatory Affairs,India - Bangalore,https://job-boards.greenhouse.io/openfx/jobs/5211323008,2026-05-17,Series A,"$94,000,000",2026-03-31,greenhouse,,ats_api,2026-07-10T17:10:41+00:00
OpenFX,Legal Counsel (Netherlands or U.K),Legal & Regulatory Affairs,EU - Netherlands,https://job-boards.greenhouse.io/openfx/jobs/5125460008,2026-05-19,Series A,"$94,000,000",2026-03-31,greenhouse,,ats_api,2026-07-10T17:10:41+00:00
OpenFX,Legal Counsel (U.S.),Legal & Regulatory Affairs,Remote,https://job-boards.greenhouse.io/openfx/jobs/5043652008,2026-05-17,Series A,"$94,000,000",2026-03-31,greenhouse,,ats_api,2026-07-10T17:10:41+00:00
OpenFX,Multi Geo / Multi Cloud Application Architect,Engineering,India - Bangalore,https://job-boards.greenhouse.io/openfx/jobs/5208162008,2026-05-17,Series A,"$94,000,000",2026-03-31,greenhouse,,ats_api,2026-07-10T17:10:41+00:00
OpenFX,Partnerships Lead,Operations,India - Bangalore,https://job-boards.greenhouse.io/openfx/jobs/4777895008,2026-04-02,Series A,"$94,000,000",2026-03-31,greenhouse,,ats_api,2026-07-10T17:10:41+00:00
OpenFX,People Operations Lead,Operations,India - Bangalore,https://job-boards.greenhouse.io/openfx/jobs/5170931008,2026-05-17,Series A,"$94,000,000",2026-03-31,greenhouse,,ats_api,2026-07-10T17:10:41+00:00
OpenFX,"Product Manager, Currency Expansion & Payments - Europe",Product,UK - London,https://job-boards.greenhouse.io/openfx/jobs/5223338008,2026-05-21,Series A,"$94,000,000",2026-03-31,greenhouse,,ats_api,2026-07-10T17:10:41+00:00
OpenFX,"Product Manager, Currency Expansion & Payments - Latam",Product,US - Miami,https://job-boards.greenhouse.io/openfx/jobs/5190462008,2026-05-19,Series A,"$94,000,000",2026-03-31,greenhouse,,ats_api,2026-07-10T17:10:41+00:00
OpenFX,"Product Manager, Onboarding ",Product,UK - London,https://job-boards.greenhouse.io/openfx/jobs/5157134008,2026-05-17,Series A,"$94,000,000",2026-03-31,greenhouse,,ats_api,2026-07-10T17:10:41+00:00
OpenFX,Product Operations Manager,Product,India - Bangalore,https://job-boards.greenhouse.io/openfx/jobs/5238590008,2026-06-04,Series A,"$94,000,000",2026-03-31,greenhouse,,ats_api,2026-07-10T17:10:41+00:00
OpenFX,Refer a Candidate to OpenFX,Refer a Candidate,India - Bangalore,https://job-boards.greenhouse.io/openfx/jobs/4779756008,2026-01-02,Series A,"$94,000,000",2026-03-31,greenhouse,,ats_api,2026-07-10T17:10:41+00:00
OpenFX,SDET Engineer,Engineering,India - Bangalore,https://job-boards.greenhouse.io/openfx/jobs/5149496008,2026-05-17,Series A,"$94,000,000",2026-03-31,greenhouse,,ats_api,2026-07-10T17:10:41+00:00
OpenFX,Security Operations Center (SOC) Engineer ,Engineering,India - Bangalore,https://job-boards.greenhouse.io/openfx/jobs/5134126008,2026-05-17,Series A,"$94,000,000",2026-03-31,greenhouse,,ats_api,2026-07-10T17:10:41+00:00
OpenFX,Talent Lead,Operations,US - Miami,https://job-boards.greenhouse.io/openfx/jobs/5185930008,2026-05-17,Series A,"$94,000,000",2026-03-31,greenhouse,,ats_api,2026-07-10T17:10:41+00:00
OpenFX,"Technical Program Manager, Information Security",Engineering,India - Bangalore,https://job-boards.greenhouse.io/openfx/jobs/5264054008,2026-07-03,Series A,"$94,000,000",2026-03-31,greenhouse,,ats_api,2026-07-10T17:10:41+00:00
OpenFX,Treasury Operations Manager,Operations,India - Bangalore,https://job-boards.greenhouse.io/openfx/jobs/4777943008,2026-05-17,Series A,"$94,000,000",2026-03-31,greenhouse,,ats_api,2026-07-10T17:10:41+00:00
OpenFX,UAE Compliance Officer and MLRO ,Compliance,UAE - Dubai,https://job-boards.greenhouse.io/openfx/jobs/5199575008,2026-05-17,Series A,"$94,000,000",2026-03-31,greenhouse,,ats_api,2026-07-10T17:10:41+00:00
CREW Carbon,"Office Manager / Executive Assistant Location: Brooklyn, NY View Job",,,https://crewcarbon.com/jobs/office-manager-executive-assistant/,,Series A,"$19,000,000",2026-05-14,unknown,https://crewcarbon.com/careers/,career_scrape,2026-07-10T17:10:41+00:00
CREW Carbon,"Chief of Staff Location: Brooklyn, NY View Job",,,https://crewcarbon.com/jobs/chief-of-staff/,,Series A,"$19,000,000",2026-05-14,unknown,https://crewcarbon.com/careers/,career_scrape,2026-07-10T17:10:41+00:00
CREW Carbon,Climate & Water Initiatives Lead Location: Remote View Job,,,https://crewcarbon.com/jobs/climate-water-initiatives-lead/,,Series A,"$19,000,000",2026-05-14,unknown,https://crewcarbon.com/careers/,career_scrape,2026-07-10T17:10:41+00:00
CREW Carbon,"Head of Wastewater Process & Technology Location: Brooklyn, NY View Job",,,https://crewcarbon.com/jobs/head-of-process-technology/,,Series A,"$19,000,000",2026-05-14,unknown,https://crewcarbon.com/careers/,career_scrape,2026-07-10T17:10:41+00:00
CREW Carbon,"Wastewater Process Engineer Location: Brooklyn, NY View Job",,,https://crewcarbon.com/jobs/wastewater-process-engineer-2/,,Series A,"$19,000,000",2026-05-14,unknown,https://crewcarbon.com/careers/,career_scrape,2026-07-10T17:10:41+00:00
CREW Carbon,"Technology Team Manager Location: New Haven, CT View Job",,,https://crewcarbon.com/jobs/science-manager/,,Series A,"$19,000,000",2026-05-14,unknown,https://crewcarbon.com/careers/,career_scrape,2026-07-10T17:10:41+00:00
CREW Carbon,"General Application Location: Brooklyn, NY; New Haven, CT View Job",,,https://crewcarbon.com/jobs/general-application/,,Series A,"$19,000,000",2026-05-14,unknown,https://crewcarbon.com/careers/,career_scrape,2026-07-10T17:10:41+00:00
CREW Carbon,"Supply Chain and Logistics Manager Location: Brooklyn, NY View Job",,,https://crewcarbon.com/jobs/supply-chain-and-logistics-lead/,,Series A,"$19,000,000",2026-05-14,unknown,https://crewcarbon.com/careers/,career_scrape,2026-07-10T17:10:41+00:00
Lastwall,Vice President - Marketing Marketing Canada View role →,,,https://ats.rippling.com/lastwall/jobs/717405ca-7bf8-4d02-8e2c-b79e744dc20f,,Series A,"$16,000,000",2026-05-27,unknown,https://www.lastwall.com/careers,career_scrape,2026-07-10T17:10:41+00:00
Lastwall,General Interest Operations Canada View role →,,,https://ats.rippling.com/lastwall/jobs/fb5750a3-65b7-4adc-a4ac-e594a38ed5ea,,Series A,"$16,000,000",2026-05-27,unknown,https://www.lastwall.com/careers,career_scrape,2026-07-10T17:10:41+00:00
Lastwall,Senior Director - Operations Operations Canada View role →,,,https://ats.rippling.com/lastwall/jobs/6b4ca79b-1aa2-429d-93f2-07b88ec7b9d0,,Series A,"$16,000,000",2026-05-27,unknown,https://www.lastwall.com/careers,career_scrape,2026-07-10T17:10:41+00:00
Lastwall,"Account Executive - Canadian Government and Critical Infrastructure Sales Ottawa, Canada View role →",,,https://ats.rippling.com/lastwall/jobs/c170bc4e-3e99-4d79-a185-a0182e516acf,,Series A,"$16,000,000",2026-05-27,unknown,https://www.lastwall.com/careers,career_scrape,2026-07-10T17:10:41+00:00
Lastwall,Sales Operations Specialist Sales Canada View role →,,,https://ats.rippling.com/lastwall/jobs/4d9c3a47-9fa3-432f-a33f-b65cf2bf5dc3,,Series A,"$16,000,000",2026-05-27,unknown,https://www.lastwall.com/careers,career_scrape,2026-07-10T17:10:41+00:00
Lastwall,Infrastructure Engineer Tech Management Remote (United States) View role →,,,https://ats.rippling.com/lastwall/jobs/ffbf9f37-b42b-422c-9ca7-e388cc14af2a,,Series A,"$16,000,000",2026-05-27,unknown,https://www.lastwall.com/careers,career_scrape,2026-07-10T17:10:41+00:00
Lastwall,Infrastructure Engineer 2 Tech Management Canada View role →,,,https://ats.rippling.com/lastwall/jobs/d3714fe9-326b-4611-b272-6a4c8eefe135,,Series A,"$16,000,000",2026-05-27,unknown,https://www.lastwall.com/careers,career_scrape,2026-07-10T17:10:41+00:00
Lastwall,Lead Infrastructure Engineer Tech Management Canada View role →,,,https://ats.rippling.com/lastwall/jobs/6b68be9a-e897-42fb-b7a7-97106e851d9f,,Series A,"$16,000,000",2026-05-27,unknown,https://www.lastwall.com/careers,career_scrape,2026-07-10T17:10:41+00:00
Lastwall,Senior Infrastructure Engineer Tech Management Remote (United States) View role →,,,https://ats.rippling.com/lastwall/jobs/dbe2f4be-98f8-49d8-93d0-f3f57656e40d,,Series A,"$16,000,000",2026-05-27,unknown,https://www.lastwall.com/careers,career_scrape,2026-07-10T17:10:41+00:00
Lastwall,"Senior Software Developer (Rust) Tech Management Fredericton, Canada View role →",,,https://ats.rippling.com/lastwall/jobs/0558482d-3c9b-4b7c-9afb-bb8f08cabac1,,Series A,"$16,000,000",2026-05-27,unknown,https://www.lastwall.com/careers,career_scrape,2026-07-10T17:10:41+00:00
Lastwall,"Senior Software Developer 2 (Rust) Tech Management Fredericton, Canada View role →",,,https://ats.rippling.com/lastwall/jobs/92b41a46-cb18-4ee0-875a-1d8a19ddba71,,Series A,"$16,000,000",2026-05-27,unknown,https://www.lastwall.com/careers,career_scrape,2026-07-10T17:10:41+00:00
Lastwall,"Senior Software Developer 3 (Rust) Tech Management Fredericton, Canada View role →",,,https://ats.rippling.com/lastwall/jobs/18251641-fee0-4960-8601-e7b8e45d280a,,Series A,"$16,000,000",2026-05-27,unknown,https://www.lastwall.com/careers,career_scrape,2026-07-10T17:10:41+00:00
Roadrunner,Account Executive ,Outside Sales,Remote ,https://job-boards.greenhouse.io/roadrunner/jobs/4273022009,2026-06-29,Series A,"$22,000,000",2026-05-12,greenhouse,,ats_api,2026-07-10T17:10:41+00:00
Roadrunner,Implementation Specialist,Customer Success,Remote ,https://job-boards.greenhouse.io/roadrunner/jobs/4278716009,2026-06-30,Series A,"$22,000,000",2026-05-12,greenhouse,,ats_api,2026-07-10T17:10:41+00:00
Roadrunner,Platform Engineer Manager,Technology,Remote ,https://job-boards.greenhouse.io/roadrunner/jobs/4308431009,2026-07-09,Series A,"$22,000,000",2026-05-12,greenhouse,,ats_api,2026-07-10T17:10:41+00:00
Roadrunner,Sales Development Representative (CST),Inside Sales,Remote ,https://job-boards.greenhouse.io/roadrunner/jobs/4051269009,2026-07-06,Series A,"$22,000,000",2026-05-12,greenhouse,,ats_api,2026-07-10T17:10:41+00:00
Roadrunner,Sales Development Representative (EST),Inside Sales,Remote ,https://job-boards.greenhouse.io/roadrunner/jobs/4051265009,2026-07-06,Series A,"$22,000,000",2026-05-12,greenhouse,,ats_api,2026-07-10T17:10:41+00:00
Roadrunner,Software Engineer I (Full -Stack),Technology,Remote ,https://job-boards.greenhouse.io/roadrunner/jobs/4307451009,2026-07-08,Series A,"$22,000,000",2026-05-12,greenhouse,,ats_api,2026-07-10T17:10:41+00:00
Forage,View openings,,,https://www.joinforage.com/careers#openings,,Series B,"$40,000,000",2026-06-03,unknown,https://www.joinforage.com/careers,career_scrape,2026-07-10T17:10:41+00:00
Forage,Careers,,,https://www.joinforage.com/careers,,Series B,"$40,000,000",2026-06-03,unknown,https://www.joinforage.com/careers,career_scrape,2026-07-10T17:10:41+00:00
Billables AI,"VP of Finance Hybrid — 3 days/week in office, downtown San Francisco View Job",,,https://billables.ai/careers/vp-of-finance,,Series A,"$10,200,000",2026-06-09,unknown,https://billables.ai/careers,career_scrape,2026-07-10T17:10:41+00:00
Billables AI,Customer Success Manager Location: San Francisco (Hybrid - in-office 3+ days/week in downtown SF) View Job,,,https://billables.ai/careers/customer-success-manager,,Series A,"$10,200,000",2026-06-09,unknown,https://billables.ai/careers,career_scrape,2026-07-10T17:10:41+00:00
Billables AI,AI Engineer Location: San Francisco (Hybrid - in-office 3+ days/week in downtown SF) View Job,,,https://billables.ai/careers/ai-engineer,,Series A,"$10,200,000",2026-06-09,unknown,https://billables.ai/careers,career_scrape,2026-07-10T17:10:41+00:00
Billables AI,"Account Executive Location: San Francisco, CA or Toronto, ON preferred - Hybrid (1-2 days/week in our downtown office) View Job",,,https://billables.ai/careers/account-executive,,Series A,"$10,200,000",2026-06-09,unknown,https://billables.ai/careers,career_scrape,2026-07-10T17:10:41+00:00
Billables AI,Backend Software Engineer Location: San Francisco (Hybrid - in-office 3+ days/week in downtown SF) View Job,,,https://billables.ai/careers/backend-software-engineer,,Series A,"$10,200,000",2026-06-09,unknown,https://billables.ai/careers,career_scrape,2026-07-10T17:10:41+00:00
Billables AI,General Job Inquiry Location: San Francisco View Job,,,https://billables.ai/careers/general-job-inquiry,,Series A,"$10,200,000",2026-06-09,unknown,https://billables.ai/careers,career_scrape,2026-07-10T17:10:41+00:00
Datacurve,Software Engineer,,,https://datacurve.ai/careers/software-engineer,,Series A,"$15,000,000",2025-10-09,unknown,https://datacurve.ai/careers,career_scrape,2026-07-10T17:10:41+00:00
Datacurve,Research Engineer,,,https://datacurve.ai/careers/research-engineer,,Series A,"$15,000,000",2025-10-09,unknown,https://datacurve.ai/careers,career_scrape,2026-07-10T17:10:41+00:00
Datacurve,Growth / Operations,,,https://datacurve.ai/careers/growth-operations,,Series A,"$15,000,000",2025-10-09,unknown,https://datacurve.ai/careers,career_scrape,2026-07-10T17:10:41+00:00
Reco,"Sales Enterprise Account Executive, Rockies Full-time Denver, CO",,,https://www.comeet.com/jobs/reco/3A.00D/enterprise-account-executive-rockies/CC.D6A,,Series B,"$30,000,000",2026-02-10,unknown,https://www.reco.ai/careers,career_scrape,2026-07-10T17:10:41+00:00
Reco,"Sales Enterprise Account Executive, NYC New York City",,,https://www.comeet.com/jobs/reco/3A.00D/enterprise-account-executive-nyc/CC.D6B,,Series B,"$30,000,000",2026-02-10,unknown,https://www.reco.ai/careers,career_scrape,2026-07-10T17:10:41+00:00
Reco,"Sales Enterprise Account Executive, Southwest Full-time US (Remote)",,,https://www.comeet.com/jobs/reco/3A.00D/account-executive-southwest/6A.C66,,Series B,"$30,000,000",2026-02-10,unknown,https://www.reco.ai/careers,career_scrape,2026-07-10T17:10:41+00:00
Reco,"Sales Enterprise Account Executive, TOLA Full-time US (Remote)",,,https://www.comeet.com/jobs/reco/3A.00D/account-executive-tola/FC.355,,Series B,"$30,000,000",2026-02-10,unknown,https://www.reco.ai/careers,career_scrape,2026-07-10T17:10:41+00:00
Reco,"Sales Enterprise Account Executive, Mid Atlantic Philadelphia, PA",,,https://www.comeet.com/jobs/reco/3A.00D/account-executive-mid-atlantic/B6.A6E,,Series B,"$30,000,000",2026-02-10,unknown,https://www.reco.ai/careers,career_scrape,2026-07-10T17:10:41+00:00
Reco,"Sales Enterprise Account Executive, Heartland Full-time St. Louis, MO",,,https://www.comeet.com/jobs/reco/3A.00D/account-executive-heartland/6A.561,,Series B,"$30,000,000",2026-02-10,unknown,https://www.reco.ai/careers,career_scrape,2026-07-10T17:10:41+00:00
Reco,Channels & Alliances HPE Alliance Director Full time New York City,,,https://www.comeet.com/jobs/reco/3A.00D/hpe-alliance-director/2C.B63,,Series B,"$30,000,000",2026-02-10,unknown,https://www.reco.ai/careers,career_scrape,2026-07-10T17:10:41+00:00
Reco,"Product Product Manager Full time Tel Aviv, Israel",,,https://www.comeet.com/jobs/reco/3A.00D/product-manager/74.E58,,Series B,"$30,000,000",2026-02-10,unknown,https://www.reco.ai/careers,career_scrape,2026-07-10T17:10:41+00:00
Reco,R&D Security Researcher Full time US (Remote),,,https://www.comeet.com/jobs/reco/3A.00D/security-researcher-1089f/9B.D6B,,Series B,"$30,000,000",2026-02-10,unknown,https://www.reco.ai/careers,career_scrape,2026-07-10T17:10:41+00:00
Reco,"R&D Security Researcher Full time Tel Aviv, Israel",,,https://www.comeet.com/jobs/reco/3A.00D/security-researcher/D1.45F,,Series B,"$30,000,000",2026-02-10,unknown,https://www.reco.ai/careers,career_scrape,2026-07-10T17:10:41+00:00
Reco,"R&D Security Research Team Lead Full time Tel Aviv, Israel",,,https://www.comeet.com/jobs/reco/3A.00D/security-research-team-lead/85.D67,,Series B,"$30,000,000",2026-02-10,unknown,https://www.reco.ai/careers,career_scrape,2026-07-10T17:10:41+00:00
Reco,"R&D Engineering Team Lead Full time Tel Aviv, Israel",,,https://www.comeet.com/jobs/reco/3A.00D/team-lead/1E.450,,Series B,"$30,000,000",2026-02-10,unknown,https://www.reco.ai/careers,career_scrape,2026-07-10T17:10:41+00:00
Reco,"R&D AI Software Engineer Full time Tel Aviv, Israel",,,https://www.comeet.com/jobs/reco/3A.00D/ai-software-engineer/12.265,,Series B,"$30,000,000",2026-02-10,unknown,https://www.reco.ai/careers,career_scrape,2026-07-10T17:10:41+00:00
Aumet,الوظائف,,,https://www.careers-page.com/aumet,,Series A,"$12,000,000",2026-05-13,unknown,https://aumet.com,career_scrape,2026-07-10T17:10:41+00:00
